0,62.58,2012-05-07
1,59.51,2012-05-07
2,57.13,2012-05-07
3,60.99,2012-05-07
4,61.41,2012-05-07
5,79.94,2012-05-07
6,78.21,2012-05-07
7,79.73,2012-05-07
8,82.03,2012-05-07
9,84.38,2012-05-07
10,76.37,2012-05-07
11,85.63,2012-05-07
12,93.63,2012-05-07
13,93.25,2012-05-07
14,89.76,2012-05-07
15,88.1,2012-05-07
16,101.35,2012-05-07
17,95.78,2012-05-07
18,97.78,2012-05-07
19,95.95,2012-05-07
20,99.51,2012-05-07
21,96.83,2012-05-07
22,98.28,2012-05-07
23,181.98,2012-05-07
24,185.5,2012-05-07
25,191.18,2012-05-07
26,182.6,2012-05-07
27,220.72,2012-05-07
28,231.55,2012-05-07
29,216.32,2012-05-07
30,212.4,2012-05-07
31,223.93,2012-05-07
32,218.0,2012-05-07
33,247.01,2012-05-07
34,242.71,2012-05-07
35,258.82,2012-05-07
36,258.66,2012-05-07
37,251.24,2012-05-07
38,249.61,2012-05-07
39,240.35,2012-05-07
40,242.63,2012-05-07
41,225.19,2012-05-07
42,222.74,2012-05-07
43,239.38,2012-05-07
44,218.9,2012-05-07
45,319.29,2012-05-07
46,316.55,2012-05-07
47,321.28,2012-05-07
48,318.5,2012-05-07
49,84.2,2012-05-07
50,80.12,2012-05-07
51,82.89,2012-05-07
52,80.81,2012-05-07
53,83.45,2012-05-07
54,77.62,2012-05-07
55,81.83,2012-05-07
56,95.48,2012-05-07
57,96.5,2012-05-07
58,98.42,2012-05-07
59,99.45,2012-05-07
60,77.92,2012-05-07
61,78.52,2012-05-07
62,78.35,2012-05-07
63,80.14,2012-05-07
64,72.48,2012-05-07
65,72.68,2012-05-07
66,91.6,2012-05-07
67,88.74,2012-05-07
68,91.09,2012-05-07
69,84.9,2012-05-07
70,91.68,2012-05-07
71,94.02,2012-05-07
72,74.32,2012-05-07
73,78.93,2012-05-07
74,74.59,2012-05-07
75,79.7,2012-05-07
76,75.19,2012-05-07
77,62.21,2012-05-07
78,62.42,2012-05-07
79,61.35,2012-05-07
80,60.83,2012-05-07
81,58.1,2012-05-07
82,61.65,2012-05-07
83,77.28,2012-05-07
84,72.76,2012-05-07
85,73.03,2012-05-07
86,76.31,2012-05-07
87,148.43,2012-05-07
88,136.62,2012-05-07
89,136.77,2012-05-07
90,143.81,2012-05-07
91,100.16,2012-05-07
92,104.83,2012-05-07
93,105.42,2012-05-07
94,98.72,2012-05-07
95,96.89,2012-05-07
96,124.89,2012-05-07
97,125.53,2012-05-07
98,123.48,2012-05-07
99,119.14,2012-05-07
100,119.22,2012-05-07
101,117.84,2012-05-07
102,116.55,2012-05-07
103,58.0,2012-05-07
104,61.1,2012-05-07
105,58.23,2012-05-07
106,60.13,2012-05-07
107,59.01,2012-05-07
108,59.6,2012-05-07
109,60.84,2012-05-07
110,49.39,2012-05-07
111,48.58,2012-05-07
112,48.68,2012-05-07
113,47.5,2012-05-07
114,52.53,2012-05-07
115,52.44,2012-05-07
116,52.33,2012-05-07
117,416.41,2012-05-07
118,397.79,2012-05-07
119,382.59,2012-05-07
120,408.49,2012-05-07
121,402.14,2012-05-07
122,423.82,2012-05-07
123,439.2,2012-05-07
124,442.78,2012-05-07
125,420.98,2012-05-07
126,400.96,2012-05-07
127,401.64,2012-05-07
128,435.37,2012-05-07
50,84.11,2012-06-05
43,230.47,2012-06-05
31,216.33,2012-06-05
128,412.4,2012-06-05
27,176.63,2012-06-05
20,95.52,2012-06-05
126,436.17,2012-06-05
91,150.77,2012-06-05
3,58.01,2012-06-05
112,49.36,2012-06-05
123,443.36,2012-06-05
39,256.85,2012-06-05
32,236.05,2012-06-05
55,80.95,2012-06-05
18,101.48,2012-06-05
22,95.26,2012-06-05
30,206.37,2012-06-05
114,46.02,2012-06-05
82,59.54,2012-06-05
111,50.09,2012-06-05
80,61.96,2012-06-05
61,80.73,2012-06-05
5,58.61,2012-06-05
64,81.04,2012-06-05
95,97.49,2012-06-05
87,78.08,2012-06-05
53,80.26,2012-06-05
66,70.77,2012-06-05
67,94.16,2012-06-05
79,60.17,2012-06-05
33,216.09,2012-06-05
68,86.83,2012-06-05
71,92.54,2012-06-05
127,392.47,2012-06-05
89,144.2,2012-06-05
75,76.67,2012-06-05
115,53.55,2012-06-05
105,63.45,2012-06-05
57,93.72,2012-06-05
4,63.98,2012-06-05
10,86.65,2012-06-05
109,62.01,2012-06-05
125,455.48,2012-06-05
21,103.0,2012-06-05
44,238.02,2012-06-05
122,406.6,2012-06-05
14,89.93,2012-06-05
58,99.43,2012-06-05
104,58.44,2012-06-05
17,100.61,2012-06-05
81,58.04,2012-06-05
42,219.14,2012-06-05
119,398.1,2012-06-05
29,240.45,2012-06-05
102,119.09,2012-06-05
56,81.63,2012-06-05
76,80.26,2012-06-05
40,235.79,2012-06-05
78,65.62,2012-06-05
85,75.86,2012-06-05
45,217.18,2012-06-05
24,177.5,2012-06-05
36,246.16,2012-06-05
90,135.89,2012-06-05
1,64.54,2012-06-05
15,88.15,2012-06-05
97,130.05,2012-06-05
99,118.72,2012-06-05
101,116.87,2012-06-05
107,63.53,2012-06-05
12,89.73,2012-06-05
60,95.41,2012-06-05
73,71.52,2012-06-05
88,153.88,2012-06-05
6,78.29,2012-06-05
96,98.25,2012-07-03
35,246.41,2012-07-03
76,80.97,2012-07-03
40,225.05,2012-07-03
15,85.31,2012-07-03
17,104.8,2012-07-03
99,124.34,2012-07-03
8,78.0,2012-07-03
123,433.97,2012-07-03
107,64.48,2012-07-03
20,98.32,2012-07-03
102,120.69,2012-07-03
97,133.78,2012-07-03
74,75.85,2012-07-03
50,81.53,2012-07-03
109,59.51,2012-07-03
81,60.61,2012-07-03
58,101.44,2012-07-03
25,187.54,2012-07-03
73,70.1,2012-07-03
79,61.33,2012-07-03
61,82.76,2012-07-03
23,103.83,2012-07-03
98,122.19,2012-07-03
55,79.42,2012-07-03
32,225.4,2012-07-03
67,94.74,2012-07-03
122,402.15,2012-07-03
52,86.68,2012-07-03
115,56.63,2012-07-03
11,77.62,2012-07-03
78,67.89,2012-07-03
14,91.07,2012-07-03
3,58.48,2012-07-03
38,242.43,2012-07-03
70,84.58,2012-07-03
113,48.49,2012-07-03
48,307.03,2012-07-03
87,80.72,2012-07-03
93,105.07,2012-07-03
114,45.68,2012-07-03
128,398.08,2012-07-03
119,396.14,2012-07-03
22,94.12,2012-07-03
51,79.03,2012-07-03
54,86.29,2012-07-03
105,67.0,2012-07-03
34,252.53,2012-07-03
94,107.25,2012-07-03
66,71.18,2012-07-03
88,158.36,2012-07-03
103,118.56,2012-07-03
33,218.68,2012-07-03
72,96.63,2012-07-03
30,211.96,2012-07-03
12,85.7,2012-07-03
45,224.66,2012-07-03
126,459.31,2012-07-03
7,75.76,2012-07-03
118,405.51,2012-07-03
29,242.88,2012-07-03
65,70.04,2012-07-03
106,61.32,2012-07-03
19,98.09,2012-07-03
31,215.12,2012-07-03
104,59.68,2012-07-03
53,76.5,2012-07-03
36,235.11,2012-07-03
4,63.18,2012-07-03
111,48.18,2012-07-03
80,62.55,2012-07-03
37,249.38,2012-07-03
101,111.65,2012-07-03
83,60.4,2012-07-03
16,91.72,2012-07-03
21,104.51,2012-07-03
117,53.47,2012-07-03
49,326.97,2012-07-03
75,77.01,2012-07-03
24,182.99,2012-07-03
78,71.63,2012-08-07
53,74.38,2012-08-07
125,473.14,2012-08-07
48,304.09,2012-08-07
34,250.03,2012-08-07
108,60.2,2012-08-07
124,418.41,2012-08-07
101,117.39,2012-08-07
80,63.05,2012-08-07
129,441.58,2012-08-07
127,390.01,2012-08-07
4,66.58,2012-08-07
2,59.57,2012-08-07
68,89.87,2012-08-07
71,87.92,2012-08-07
37,261.68,2012-08-07
83,60.25,2012-08-07
109,60.49,2012-08-07
66,72.28,2012-08-07
27,175.78,2012-08-07
82,61.01,2012-08-07
60,95.94,2012-08-07
94,106.55,2012-08-07
18,106.98,2012-08-07
126,437.2,2012-08-07
105,64.87,2012-08-07
61,83.63,2012-08-07
96,102.64,2012-08-07
123,432.08,2012-08-07
99,122.14,2012-08-07
69,91.67,2012-08-07
43,242.26,2012-08-07
19,97.7,2012-08-07
76,84.7,2012-08-07
84,79.73,2012-08-07
112,49.33,2012-08-07
51,83.39,2012-08-07
31,214.1,2012-08-07
54,86.07,2012-08-07
92,98.34,2012-08-07
128,383.03,2012-08-07
107,64.34,2012-08-07
77,78.39,2012-08-07
55,82.44,2012-08-07
13,93.2,2012-08-07
10,91.74,2012-08-07
50,79.52,2012-08-07
26,181.65,2012-08-07
74,72.19,2012-08-07
56,78.29,2012-08-07
3,57.54,2012-08-07
98,124.96,2012-08-07
17,102.16,2012-08-07
89,145.64,2012-08-07
88,155.37,2012-08-07
110,61.33,2012-08-07
32,215.44,2012-08-07
15,83.57,2012-08-07
85,80.01,2012-08-07
49,338.99,2012-08-07
57,93.5,2012-08-07
86,75.48,2012-08-07
72,97.89,2012-08-07
5,61.15,2012-08-07
100,118.39,2012-08-07
14,94.98,2012-08-07
45,220.64,2012-08-07
44,238.06,2012-08-07
114,44.55,2012-08-07
104,59.45,2012-08-07
62,81.53,2012-09-04
4,66.61,2012-09-04
15,85.47,2012-09-04
96,99.07,2012-09-04
51,80.0,2012-09-04
95,98.45,2012-09-04
128,396.55,2012-09-04
87,81.81,2012-09-04
80,64.27,2012-09-04
83,62.6,2012-09-04
107,63.8,2012-09-04
3,58.74,2012-09-04
60,98.5,2012-09-04
99,128.9,2012-09-04
108,59.56,2012-09-04
16,94.69,2012-09-04
73,72.65,2012-09-04
66,69.63,2012-09-04
29,239.69,2012-09-04
18,109.51,2012-09-04
124,427.81,2012-09-04
48,308.9,2012-09-04
65,68.07,2012-09-04
37,259.04,2012-09-04
53,76.81,2012-09-04
119,392.0,2012-09-04
120,365.79,2012-09-04
30,221.13,2012-09-04
23,109.86,2012-09-04
114,42.39,2012-09-04
12,89.0,2012-09-04
41,247.23,2012-09-04
111,49.18,2012-09-04
82,58.53,2012-09-04
103,120.71,2012-09-04
97,141.77,2012-09-04
85,80.61,2012-09-04
71,85.25,2012-09-04
126,434.04,2012-09-04
31,205.04,2012-09-04
104,58.45,2012-09-04
68,89.49,2012-09-04
59,94.21,2012-09-04
21,105.36,2012-09-04
1,62.23,2012-09-04
55,85.94,2012-09-04
106,60.54,2012-09-04
24,175.48,2012-09-04
72,101.73,2012-09-04
129,463.21,2012-09-04
56,74.6,2012-09-04
61,83.57,2012-09-04
122,386.2,2012-09-04
42,213.97,2012-09-04
110,59.53,2012-09-04
76,89.38,2012-09-04
14,90.59,2012-09-04
117,51.45,2012-09-04
102,124.54,2012-09-04
88,152.82,2012-09-04
11,77.88,2012-09-04
34,241.27,2012-09-04
40,227.75,2012-09-04
116,54.1,2012-09-04
35,238.34,2012-09-04
20,99.21,2012-09-04
74,72.34,2012-09-04
121,412.26,2012-09-04
47,301.72,2012-09-04
63,76.46,2012-09-04
112,49.64,2012-09-04
93,109.79,2012-09-04
75,77.21,2012-09-04
115,56.37,2012-09-04
17,106.26,2012-09-04
100,123.25,2012-09-04
2,58.91,2012-10-02
87,81.23,2012-10-02
44,244.16,2012-10-02
25,181.83,2012-10-02
116,54.05,2012-10-02
45,222.33,2012-10-02
7,74.7,2012-10-02
30,211.79,2012-10-02
75,77.8,2012-10-02
105,67.12,2012-10-02
58,96.89,2012-10-02
95,98.17,2012-10-02
33,218.11,2012-10-02
54,88.82,2012-10-02
65,71.06,2012-10-02
48,299.2,2012-10-02
122,392.98,2012-10-02
42,210.8,2012-10-02
47,307.23,2012-10-02
112,51.91,2012-10-02
123,435.76,2012-10-02
77,81.95,2012-10-02
62,82.26,2012-10-02
97,136.21,2012-10-02
31,197.09,2012-10-02
89,147.44,2012-10-02
40,236.45,2012-10-02
11,74.82,2012-10-02
56,78.57,2012-10-02
29,235.27,2012-10-02
67,94.61,2012-10-02
86,73.17,2012-10-02
39,246.46,2012-10-02
79,63.98,2012-10-02
99,126.02,2012-10-02
106,57.73,2012-10-02
124,416.92,2012-10-02
36,229.34,2012-10-02
120,356.46,2012-10-02
46,319.14,2012-10-02
110,58.08,2012-10-02
107,66.65,2012-10-02
28,223.87,2012-10-02
71,84.64,2012-10-02
4,69.56,2012-10-02
51,81.9,2012-10-02
127,405.99,2012-10-02
6,80.79,2012-10-02
49,354.35,2012-10-02
78,70.09,2012-10-02
74,71.95,2012-10-02
32,214.1,2012-10-02
19,97.06,2012-10-02
55,83.95,2012-10-02
22,93.86,2012-10-02
23,112.85,2012-10-02
1,64.77,2012-10-02
88,161.69,2012-10-02
94,106.94,2012-10-02
113,48.46,2012-10-02
35,246.29,2012-10-02
24,170.47,2012-10-02
104,58.24,2012-10-02
84,80.66,2012-10-02
111,47.9,2012-10-02
47,311.97,2012-11-06
83,59.66,2012-11-06
39,257.0,2012-11-06
106,60.04,2012-11-06
95,102.27,2012-11-06
25,186.62,2012-11-06
8,78.59,2012-11-06
73,73.04,2012-11-06
20,101.79,2012-11-06
129,460.95,2012-11-06
122,389.43,2012-11-06
90,136.54,2012-11-06
50,76.56,2012-11-06
65,68.05,2012-11-06
114,41.92,2012-11-06
36,226.98,2012-11-06
103,123.38,2012-11-06
75,81.8,2012-11-06
121,407.18,2012-11-06
101,124.43,2012-11-06
40,248.48,2012-11-06
112,53.02,2012-11-06
44,249.62,2012-11-06
53,79.2,2012-11-06
64,79.33,2012-11-06
60,97.47,2012-11-06
6,83.05,2012-11-06
27,169.48,2012-11-06
124,401.23,2012-11-06
111,50.11,2012-11-06
3,57.46,2012-11-06
4,72.8,2012-11-06
56,77.31,2012-11-06
86,73.59,2012-11-06
110,59.55,2012-11-06
57,90.56,2012-11-06
79,63.78,2012-11-06
7,75.19,2012-11-06
74,76.02,2012-11-06
108,61.1,2012-11-06
61,86.29,2012-11-06
117,51.76,2012-11-06
127,400.07,2012-11-06
55,82.44,2012-11-06
104,60.17,2012-11-06
70,83.13,2012-11-06
13,89.32,2012-11-06
16,92.63,2012-11-06
81,60.67,2012-11-06
26,175.88,2012-11-06
48,302.1,2012-11-06
35,249.48,2012-11-06
93,108.19,2012-11-06
52,86.33,2012-11-06
43,252.94,2012-11-06
92,104.02,2012-11-06
17,109.59,2012-11-06
12,89.46,2012-11-06
5,59.32,2012-11-06
28,213.66,2012-11-06
118,425.08,2012-11-06
119,396.79,2012-11-06
80,64.41,2012-11-06
76,92.63,2012-11-06
102,124.33,2012-11-06
42,211.24,2012-11-06
9,84.35,2012-11-06
85,84.43,2012-11-06
29,226.4,2012-11-06
107,64.9,2012-11-06
78,73.59,2012-11-06
14,92.74,2012-11-06
98,126.97,2012-11-06
32,203.78,2012-11-06
116,55.48,2012-11-06
96,99.34,2012-11-06
51,81.56,2012-11-06
113,50.83,2012-11-06
105,69.41,2012-12-04
59,95.12,2012-12-04
125,495.06,2012-12-04
98,133.24,2012-12-04
75,79.07,2012-12-04
20,98.99,2012-12-04
54,86.14,2012-12-04
91,157.08,2012-12-04
118,422.14,2012-12-04
6,81.93,2012-12-04
92,103.36,2012-12-04
93,111.1,2012-12-04
129,439.19,2012-12-04
104,58.27,2012-12-04
5,59.79,2012-12-04
31,195.26,2012-12-04
100,128.07,2012-12-04
42,221.13,2012-12-04
97,133.87,2012-12-04
3,59.57,2012-12-04
2,61.19,2012-12-04
90,138.08,2012-12-04
28,207.15,2012-12-04
49,353.91,2012-12-04
56,74.64,2012-12-04
77,81.72,2012-12-04
55,81.55,2012-12-04
60,92.79,2012-12-04
44,246.3,2012-12-04
29,239.88,2012-12-04
41,258.93,2012-12-04
66,72.16,2012-12-04
71,88.46,2012-12-04
13,94.2,2012-12-04
14,96.92,2012-12-04
94,102.44,2012-12-04
52,88.61,2012-12-04
22,97.83,2012-12-04
21,105.59,2012-12-04
37,247.36,2012-12-04
26,173.76,2012-12-04
9,87.09,2012-12-04
95,99.39,2012-12-04
25,193.43,2012-12-04
4,76.03,2012-12-04
27,170.01,2012-12-04
70,84.94,2012-12-04
30,203.43,2012-12-04
110,58.96,2012-12-04
67,96.61,2012-12-04
65,67.09,2012-12-04
121,391.79,2012-12-04
58,98.09,2012-12-04
51,79.24,2012-12-04
69,87.56,2012-12-04
88,166.25,2012-12-04
117,51.43,2012-12-04
15,87.14,2012-12-04
16,91.25,2012-12-04
101,125.44,2013-01-01
35,238.28,2013-01-01
16,94.84,2013-01-01
2,63.19,2013-01-01
91,149.56,2013-01-01
74,73.32,2013-01-01
10,90.85,2013-01-01
125,476.25,2013-01-01
120,376.1,2013-01-01
112,53.93,2013-01-01
37,254.35,2013-01-01
94,101.68,2013-01-01
55,81.23,2013-01-01
15,83.79,2013-01-01
103,125.19,2013-01-01
119,419.49,2013-01-01
59,97.2,2013-01-01
68,88.22,2013-01-01
27,174.17,2013-01-01
121,409.51,2013-01-01
21,102.28,2013-01-01
128,379.78,2013-01-01
88,171.54,2013-01-01
9,84.55,2013-01-01
47,308.12,2013-01-01
84,84.26,2013-01-01
77,83.23,2013-01-01
66,71.96,2013-01-01
48,288.96,2013-01-01
100,124.41,2013-01-01
54,82.51,2013-01-01
5,59.39,2013-01-01
80,62.71,2013-01-01
13,98.22,2013-01-01
73,69.55,2013-01-01
34,244.89,2013-01-01
122,390.77,2013-01-01
110,57.55,2013-01-01
69,86.66,2013-01-01
107,65.6,2013-01-01
105,72.49,2013-01-01
7,75.42,2013-01-01
85,86.56,2013-01-01
79,63.21,2013-01-01
30,210.7,2013-01-01
64,79.52,2013-01-01
11,73.05,2013-01-01
106,62.39,2013-01-01
78,76.95,2013-01-01
98,135.79,2013-01-01
113,49.18,2013-01-01
86,71.49,2013-01-01
127,412.34,2013-01-01
67,92.29,2013-01-01
70,84.82,2013-01-01
65,64.88,2013-01-01
51,77.03,2013-01-01
41,262.34,2013-01-01
129,461.16,2013-01-01
57,95.8,2013-01-01
75,82.87,2013-01-01
115,57.82,2013-01-01
8,82.74,2013-01-01
26,180.55,2013-01-01
52,87.93,2013-01-01
36,225.65,2013-01-01
92,99.84,2013-01-01
19,102.11,2013-01-01
116,58.0,2013-01-01
115,58.83,2013-02-05
127,401.97,2013-02-05
33,228.26,2013-02-05
40,254.99,2013-02-05
68,92.33,2013-02-05
49,369.1,2013-02-05
2,66.79,2013-02-05
22,99.93,2013-02-05
78,74.52,2013-02-05
20,103.39,2013-02-05
43,255.21,2013-02-05
113,51.72,2013-02-05
122,396.79,2013-02-05
31,192.6,2013-02-05
21,102.85,2013-02-05
91,144.11,2013-02-05
13,96.44,2013-02-05
82,56.12,2013-02-05
17,108.15,2013-02-05
79,63.32,2013-02-05
76,96.07,2013-02-05
123,450.58,2013-02-05
3,57.97,2013-02-05
125,460.72,2013-02-05
88,173.82,2013-02-05
26,187.79,2013-02-05
83,59.31,2013-02-05
57,97.04,2013-02-05
85,87.87,2013-02-05
48,296.73,2013-02-05
24,163.49,2013-02-05
1,66.79,2013-02-05
34,237.18,2013-02-05
11,76.22,2013-02-05
92,99.82,2013-02-05
69,85.25,2013-02-05
87,81.03,2013-02-05
102,121.84,2013-02-05
14,95.79,2013-02-05
42,227.02,2013-02-05
52,91.94,2013-02-05
112,52.44,2013-02-05
98,129.29,2013-02-05
126,453.34,2013-02-05
41,263.81,2013-02-05
74,69.8,2013-02-05
106,65.83,2013-02-05
80,60.58,2013-02-05
28,218.15,2013-02-05
70,85.57,2013-02-05
37,258.81,2013-02-05
89,153.83,2013-02-05
18,106.21,2013-02-05
75,81.75,2013-02-05
81,57.65,2013-02-05
61,87.59,2013-02-05
44,237.87,2013-02-05
105,76.68,2013-02-05
116,55.11,2013-02-05
12,91.2,2013-02-05
101,124.85,2013-02-05
99,128.18,2013-02-05
63,73.49,2013-02-05
128,390.62,2013-02-05
96,97.67,2013-02-05
67,87.8,2013-02-05
101,127.73,2013-03-05
22,97.5,2013-03-05
11,74.72,2013-03-05
121,423.86,2013-03-05
41,256.9,2013-03-05
1,67.95,2013-03-05
24,172.75,2013-03-05
105,75.89,2013-03-05
28,214.91,2013-03-05
30,213.36,2013-03-05
106,63.19,2013-03-05
119,431.01,2013-03-05
53,78.51,2013-03-05
18,105.79,2013-03-05
38,245.05,2013-03-05
88,170.56,2013-03-05
35,248.48,2013-03-05
29,247.49,2013-03-05
122,377.59,2013-03-05
40,259.65,2013-03-05
43,267.38,2013-03-05
14,100.05,2013-03-05
72,97.6,2013-03-05
71,92.85,2013-03-05
97,140.86,2013-03-05
42,240.63,2013-03-05
49,354.32,2013-03-05
79,63.31,2013-03-05
9,85.89,2013-03-05
44,243.86,2013-03-05
76,94.85,2013-03-05
60,88.82,2013-03-05
54,83.79,2013-03-05
46,318.81,2013-03-05
102,118.82,2013-03-05
39,267.17,2013-03-05
59,98.15,2013-03-05
118,441.1,2013-03-05
123,449.82,2013-03-05
80,58.9,2013-03-05
112,55.16,2013-03-05
16,98.81,2013-03-05
84,82.12,2013-03-05
64,82.1,2013-03-05
125,462.2,2013-03-05
27,172.88,2013-04-02
112,54.05,2013-04-02
33,218.94,2013-04-02
97,137.73,2013-04-02
87,78.74,2013-04-02
76,95.1,2013-04-02
38,233.99,2013-04-02
52,90.31,2013-04-02
23,110.21,2013-04-02
39,279.85,2013-04-02
51,77.19,2013-04-02
11,73.86,2013-04-02
122,384.73,2013-04-02
103,128.08,2013-04-02
71,94.38,2013-04-02
75,78.67,2013-04-02
81,60.78,2013-04-02
36,231.94,2013-04-02
88,167.24,2013-04-02
46,336.25,2013-04-02
68,92.78,2013-04-02
64,85.98,2013-04-02
37,263.31,2013-04-02
99,128.68,2013-04-02
94,100.57,2013-04-02
86,72.61,2013-04-02
124,393.37,2013-04-02
53,76.0,2013-04-02
67,83.46,2013-04-02
20,101.01,2013-04-02
8,83.62,2013-04-02
108,60.15,2013-04-02
116,52.78,2013-04-02
117,53.5,2013-04-02
42,245.86,2013-04-02
72,94.68,2013-04-02
6,80.59,2013-04-02
74,71.1,2013-04-02
16,104.57,2013-04-02
45,214.14,2013-04-02
91,143.07,2013-04-02
113,49.43,2013-04-02
100,123.35,2013-04-02
92,101.93,2013-04-02
48,294.22,2013-04-02
34,231.5,2013-04-02
105,75.67,2013-04-02
9,82.62,2013-04-02
58,103.21,2013-04-02
12,88.65,2013-04-02
93,113.27,2013-04-02
70,87.78,2013-04-02
82,57.0,2013-04-02
43,269.87,2013-04-02
126,444.27,2013-04-02
90,140.22,2013-04-02
5,59.34,2013-04-02
83,62.41,2013-04-02
100,124.89,2013-05-07
48,288.18,2013-05-07
9,79.89,2013-05-07
10,86.87,2013-05-07
4,79.19,2013-05-07
45,219.15,2013-05-07
51,76.44,2013-05-07
39,278.0,2013-05-07
30,209.37,2013-05-07
107,68.17,2013-05-07
56,77.58,2013-05-07
94,98.97,2013-05-07
67,88.09,2013-05-07
22,93.24,2013-05-07
36,244.74,2013-05-07
86,70.53,2013-05-07
129,438.47,2013-05-07
75,81.51,2013-05-07
112,52.69,2013-05-07
127,398.17,2013-05-07
72,93.49,2013-05-07
70,85.56,2013-05-07
14,95.9,2013-05-07
87,81.63,2013-05-07
52,88.91,2013-05-07
95,95.81,2013-05-07
44,236.28,2013-05-07
80,61.89,2013-05-07
66,69.82,2013-05-07
20,99.35,2013-05-07
119,443.11,2013-05-07
16,99.5,2013-05-07
32,205.88,2013-05-07
25,196.88,2013-05-07
103,124.79,2013-05-07
29,259.4,2013-05-07
50,77.98,2013-05-07
96,97.89,2013-05-07
77,82.94,2013-05-07
116,50.84,2013-05-07
35,262.29,2013-05-07
82,57.47,2013-05-07
13,91.69,2013-05-07
121,429.59,2013-05-07
124,380.78,2013-05-07
28,227.2,2013-05-07
84,84.1,2013-05-07
122,405.78,2013-05-07
78,75.35,2013-05-07
21,98.26,2013-05-07
106,65.47,2013-05-07
71,95.69,2013-05-07
101,128.38,2013-05-07
42,233.89,2013-05-07
64,84.38,2013-05-07
47,313.47,2013-05-07
63,75.22,2013-05-07
91,143.3,2013-05-07
1,71.01,2013-05-07
57,102.35,2013-05-07
17,102.81,2013-05-07
48,279.83,2013-06-04
25,190.37,2013-06-04
85,89.08,2013-06-04
117,54.38,2013-06-04
79,62.71,2013-06-04
100,129.31,2013-06-04
1,73.57,2013-06-04
9,80.79,2013-06-04
62,78.74,2013-06-04
105,72.24,2013-06-04
127,378.4,2013-06-04
92,104.75,2013-06-04
37,264.95,2013-06-04
51,76.95,2013-06-04
36,248.07,2013-06-04
116,51.09,2013-06-04
31,196.67,2013-06-04
90,140.94,2013-06-04
108,62.56,2013-06-04
73,68.84,2013-06-04
123,436.2,2013-06-04
32,213.0,2013-06-04
67,89.57,2013-06-04
2,68.87,2013-06-04
47,310.75,2013-06-04
118,426.26,2013-06-04
56,74.72,2013-06-04
80,59.42,2013-06-04
113,49.95,2013-06-04
5,56.66,2013-06-04
54,82.1,2013-06-04
42,224.66,2013-06-04
103,129.49,2013-06-04
39,284.58,2013-06-04
34,239.09,2013-06-04
18,111.92,2013-06-04
77,84.08,2013-06-04
21,95.25,2013-06-04
128,406.28,2013-06-04
29,254.78,2013-06-04
76,92.71,2013-06-04
78,75.79,2013-06-04
91,142.99,2013-06-04
70,82.81,2013-06-04
121,441.26,2013-06-04
22,92.91,2013-06-04
28,232.95,2013-06-04
120,380.48,2013-06-04
15,81.89,2013-06-04
122,422.77,2013-06-04
8,88.02,2013-06-04
6,81.8,2013-06-04
112,51.39,2013-06-04
57,100.65,2013-06-04
17,98.92,2013-06-04
94,101.24,2013-06-04
115,61.97,2013-06-04
20,102.74,2013-06-04
84,85.2,2013-06-04
40,269.68,2013-06-04
106,67.78,2013-06-04
101,124.91,2013-06-04
87,85.62,2013-06-04
72,98.08,2013-06-04
71,93.55,2013-06-04
124,369.63,2013-06-04
33,215.51,2013-06-04
49,356.06,2013-06-04
102,124.95,2013-06-04
58,98.22,2013-06-04
38,225.11,2013-07-02
4,76.04,2013-07-02
51,77.55,2013-07-02
40,276.45,2013-07-02
100,124.22,2013-07-02
36,248.88,2013-07-02
106,68.83,2013-07-02
129,462.48,2013-07-02
82,55.59,2013-07-02
20,102.83,2013-07-02
23,111.54,2013-07-02
65,66.81,2013-07-02
6,82.66,2013-07-02
24,178.11,2013-07-02
5,55.94,2013-07-02
114,42.43,2013-07-02
15,80.95,2013-07-02
74,72.65,2013-07-02
96,95.66,2013-07-02
57,98.67,2013-07-02
63,72.25,2013-07-02
78,73.73,2013-07-02
107,70.06,2013-07-02
21,93.89,2013-07-02
26,186.06,2013-07-02
13,96.21,2013-07-02
92,110.76,2013-07-02
54,83.98,2013-07-02
97,131.26,2013-07-02
104,60.64,2013-07-02
83,60.02,2013-07-02
22,95.09,2013-07-02
95,98.02,2013-07-02
30,207.87,2013-07-02
44,226.43,2013-07-02
87,87.83,2013-07-02
109,61.07,2013-07-02
2,72.01,2013-07-02
119,422.64,2013-07-02
1,71.76,2013-07-02
89,147.04,2013-07-02
75,79.35,2013-07-02
11,75.33,2013-07-02
29,257.26,2013-07-02
123,460.74,2013-07-02
52,91.14,2013-07-02
49,370.79,2013-07-02
88,174.75,2013-07-02
111,51.69,2013-07-02
103,126.25,2013-07-02
67,93.6,2013-07-02
84,83.4,2013-07-02
127,371.17,2013-07-02
46,346.99,2013-07-02
91,146.42,2013-07-02
99,122.28,2013-07-02
31,200.56,2013-07-02
71,92.92,2013-07-02
62,82.46,2013-07-02
94,100.68,2013-07-02
27,170.98,2013-08-06
13,97.27,2013-08-06
26,189.95,2013-08-06
75,77.94,2013-08-06
40,268.17,2013-08-06
51,80.7,2013-08-06
33,227.91,2013-08-06
88,171.63,2013-08-06
21,99.14,2013-08-06
93,117.61,2013-08-06
108,65.43,2013-08-06
116,53.97,2013-08-06
45,217.92,2013-08-06
71,91.06,2013-08-06
119,412.53,2013-08-06
64,87.53,2013-08-06
6,86.27,2013-08-06
32,213.1,2013-08-06
80,62.7,2013-08-06
95,100.7,2013-08-06
12,84.42,2013-08-06
11,75.43,2013-08-06
124,389.24,2013-08-06
74,73.11,2013-08-06
97,138.53,2013-08-06
31,209.83,2013-08-06
58,95.48,2013-08-06
70,86.16,2013-08-06
59,100.56,2013-08-06
123,458.43,2013-08-06
114,44.0,2013-08-06
34,242.77,2013-08-06
104,63.22,2013-08-06
46,351.57,2013-08-06
96,99.14,2013-08-06
92,112.5,2013-08-06
90,135.57,2013-08-06
66,73.48,2013-08-06
62,82.67,2013-08-06
55,86.06,2013-08-06
128,429.06,2013-08-06
126,462.29,2013-08-06
14,98.17,2013-08-06
5,58.32,2013-08-06
110,59.02,2013-08-06
83,62.18,2013-08-06
8,92.91,2013-09-03
27,172.03,2013-09-03
89,143.81,2013-09-03
92,107.4,2013-09-03
20,108.26,2013-09-03
115,61.55,2013-09-03
21,102.81,2013-09-03
75,77.08,2013-09-03
129,449.83,2013-09-03
118,450.04,2013-09-03
38,235.94,2013-09-03
93,117.46,2013-09-03
81,58.56,2013-09-03
35,250.41,2013-09-03
77,82.35,2013-09-03
105,68.81,2013-09-03
41,247.01,2013-09-03
85,91.38,2013-09-03
114,41.81,2013-09-03
113,51.71,2013-09-03
54,85.42,2013-09-03
60,85.36,2013-09-03
73,67.24,2013-09-03
78,72.09,2013-09-03
13,102.36,2013-09-03
91,147.19,2013-09-03
48,278.89,2013-09-03
52,93.83,2013-09-03
6,82.81,2013-09-03
29,255.48,2013-09-03
110,57.75,2013-09-03
17,97.77,2013-09-03
31,218.3,2013-09-03
23,110.73,2013-09-03
37,273.31,2013-09-03
125,483.96,2013-09-03
2,74.48,2013-09-03
3,56.39,2013-09-03
34,237.97,2013-09-03
119,407.32,2013-09-03
12,83.95,2013-09-03
98,127.79,2013-09-03
102,119.8,2013-09-03
79,62.71,2013-09-03
9,83.4,2013-09-03
87,84.13,2013-09-03
97,141.49,2013-09-03
65,65.91,2013-09-03
128,454.65,2013-09-03
68,91.16,2013-09-03
124,376.92,2013-09-03
22,95.17,2013-09-03
51,79.11,2013-09-03
19,101.75,2013-09-03
36,257.89,2013-09-03
86,70.39,2013-09-03
5,57.92,2013-09-03
108,67.24,2013-09-03
88,172.87,2013-09-03
33,240.48,2013-09-03
82,53.63,2013-09-03
50,78.5,2013-09-03
24,185.65,2013-09-03
66,76.63,2013-09-03
32,224.48,2013-09-03
99,127.24,2013-10-01
118,476.77,2013-10-01
129,466.87,2013-10-01
100,127.42,2013-10-01
88,168.98,2013-10-01
59,104.86,2013-10-01
87,85.11,2013-10-01
13,99.72,2013-10-01
12,80.55,2013-10-01
65,65.68,2013-10-01
66,79.23,2013-10-01
26,183.2,2013-10-01
94,95.79,2013-10-01
112,52.7,2013-10-01
104,64.23,2013-10-01
77,84.43,2013-10-01
73,67.31,2013-10-01
75,80.09,2013-10-01
56,75.82,2013-10-01
82,54.05,2013-10-01
92,113.16,2013-10-01
89,149.42,2013-10-01
55,83.3,2013-10-01
128,457.92,2013-10-01
98,131.28,2013-10-01
90,131.51,2013-10-01
31,208.43,2013-10-01
70,90.51,2013-10-01
10,90.07,2013-10-01
126,469.83,2013-10-01
48,295.47,2013-10-01
63,74.16,2013-10-01
42,232.88,2013-10-01
50,75.81,2013-10-01
93,123.69,2013-10-01
47,297.33,2013-10-01
54,84.8,2013-10-01
15,82.23,2013-10-01
79,63.27,2013-10-01
110,58.84,2013-10-01
46,343.68,2013-10-01
30,204.81,2013-10-01
11,72.66,2013-10-01
49,381.16,2013-10-01
17,98.32,2013-10-01
120,385.21,2013-10-01
103,123.66,2013-10-01
18,112.14,2013-10-01
33,239.26,2013-10-01
16,103.32,2013-10-01
3,56.05,2013-10-01
123,443.95,2013-10-01
97,149.27,2013-10-01
72,98.15,2013-10-01
114,42.45,2013-10-01
40,276.23,2013-10-01
22,97.71,2013-10-01
101,124.26,2013-10-01
1,75.33,2013-10-01
23,108.62,2013-10-01
60,87.61,2013-10-01
57,96.15,2013-10-01
28,222.84,2013-10-01
106,72.14,2013-10-01
45,216.0,2013-10-01
41,250.43,2013-10-01
51,79.62,2013-10-01
113,53.93,2013-10-01
115,62.26,2013-10-01
2,72.62,2013-10-01
102,125.6,2013-10-01
27,176.12,2013-10-01
69,81.51,2013-10-01
68,94.3,2013-11-05
118,502.73,2013-11-05
8,88.4,2013-11-05
122,430.88,2013-11-05
2,71.33,2013-11-05
116,53.54,2013-11-05
46,348.94,2013-11-05
47,296.48,2013-11-05
96,97.59,2013-11-05
92,113.94,2013-11-05
29,263.57,2013-11-05
87,81.05,2013-11-05
90,134.07,2013-11-05
13,98.85,2013-11-05
95,98.36,2013-11-05
41,239.46,2013-11-05
123,439.95,2013-11-05
36,247.18,2013-11-05
121,456.05,2013-11-05
25,199.43,2013-11-05
78,72.14,2013-11-05
54,87.77,2013-11-05
74,70.93,2013-11-05
33,235.8,2013-11-05
66,80.72,2013-11-05
59,110.31,2013-11-05
108,66.18,2013-11-05
53,76.39,2013-11-05
94,96.86,2013-11-05
79,65.53,2013-11-05
117,57.37,2013-11-05
73,68.73,2013-11-05
80,62.55,2013-11-05
39,278.15,2013-11-05
82,51.59,2013-11-05
114,40.91,2013-11-05
112,55.69,2013-11-05
11,74.03,2013-11-05
72,94.51,2013-11-05
93,127.16,2013-11-05
19,97.42,2013-11-05
38,233.61,2013-11-05
20,105.72,2013-11-05
84,81.88,2013-11-05
55,83.93,2013-11-05
103,127.62,2013-11-05
86,74.25,2013-11-05
12,81.31,2013-11-05
124,374.11,2013-11-05
76,97.36,2013-11-05
37,274.0,2013-11-05
113,56.58,2013-11-05
35,240.11,2013-11-05
88,161.95,2013-11-05
109,60.71,2013-11-05
106,69.12,2013-11-05
104,64.62,2013-11-05
107,70.56,2013-11-05
75,81.37,2013-11-05
56,74.67,2013-11-05
119,404.02,2013-11-05
16,100.17,2013-11-05
22,100.85,2013-11-05
98,131.44,2013-11-05
10,91.54,2013-11-05
5,60.51,2013-11-05
24,188.5,2013-12-03
30,211.61,2013-12-03
95,98.18,2013-12-03
86,71.62,2013-12-03
119,385.88,2013-12-03
60,90.78,2013-12-03
115,62.36,2013-12-03
75,82.91,2013-12-03
116,52.11,2013-12-03
105,72.87,2013-12-03
97,155.47,2013-12-03
34,246.36,2013-12-03
16,98.89,2013-12-03
78,73.45,2013-12-03
3,58.45,2013-12-03
67,92.47,2013-12-03
72,98.49,2013-12-03
71,87.78,2013-12-03
118,506.97,2013-12-03
43,270.28,2013-12-03
22,100.88,2013-12-03
36,237.27,2013-12-03
11,71.2,2013-12-03
109,62.78,2013-12-03
21,107.92,2013-12-03
106,69.18,2013-12-03
17,93.82,2013-12-03
101,122.95,2013-12-03
96,98.08,2013-12-03
83,61.74,2013-12-03
63,71.01,2013-12-03
121,472.38,2013-12-03
79,67.23,2013-12-03
120,394.44,2013-12-03
8,86.94,2013-12-03
19,101.57,2013-12-03
62,86.01,2013-12-03
68,90.71,2013-12-03
48,296.61,2013-12-03
32,229.46,2013-12-03
84,85.48,2013-12-03
81,60.26,2013-12-03
64,86.93,2013-12-03
74,72.6,2013-12-03
117,57.33,2013-12-03
73,70.4,2013-12-03
40,289.59,2013-12-03
77,80.72,2013-12-03
82,51.37,2013-12-03
59,105.64,2013-12-03
70,90.6,2013-12-03
92,114.83,2013-12-03
27,185.91,2013-12-03
99,126.41,2013-12-03
35,239.32,2013-12-03
58,98.91,2013-12-03
88,166.75,2013-12-03
126,449.7,2013-12-03
123,454.9,2013-12-03
110,60.57,2013-12-03
45,208.28,2013-12-03
53,73.84,2013-12-03
103,132.93,2013-12-03
13,104.3,2013-12-03
85,92.82,2013-12-03
1,73.9,2013-12-03
7,74.68,2013-12-03
31,211.05,2013-12-03
4,75.47,2013-12-03
76,95.62,2013-12-03
89,152.73,2013-12-03
20,106.21,2013-12-03
44,220.71,2013-12-03
90,128.27,2013-12-03
46,350.26,2013-12-03
37,274.12,2013-12-03
41,252.5,2013-12-03
10,95.31,2013-12-03
61,87.94,2013-12-03
51,83.65,2013-12-03
54,87.65,2013-12-03
69,78.59,2013-12-03
49,400.62,2013-12-03
56,75.64,2013-12-03
18,109.92,2013-12-03
129,446.47,2013-12-03
115,65.81,2014-01-07
110,60.56,2014-01-07
61,87.28,2014-01-07
49,388.89,2014-01-07
109,65.82,2014-01-07
122,444.75,2014-01-07
34,247.05,2014-01-07
101,125.78,2014-01-07
42,245.38,2014-01-07
80,61.98,2014-01-07
88,170.61,2014-01-07
23,106.55,2014-01-07
113,58.87,2014-01-07
4,72.31,2014-01-07
15,78.81,2014-01-07
38,237.3,2014-01-07
68,87.23,2014-01-07
16,98.2,2014-01-07
46,361.95,2014-01-07
77,77.66,2014-01-07
107,67.86,2014-01-07
120,407.69,2014-01-07
36,241.99,2014-01-07
117,59.53,2014-01-07
26,192.2,2014-01-07
8,90.82,2014-01-07
119,385.08,2014-01-07
37,261.06,2014-01-07
70,88.53,2014-01-07
56,79.62,2014-01-07
81,60.15,2014-01-07
51,81.55,2014-01-07
2,75.3,2014-01-07
12,85.68,2014-01-07
7,74.21,2014-01-07
104,66.64,2014-01-07
22,100.34,2014-01-07
3,60.43,2014-01-07
111,49.47,2014-01-07
84,88.88,2014-01-07
10,101.0,2014-01-07
59,108.97,2014-01-07
125,469.53,2014-01-07
1,71.64,2014-01-07
50,76.68,2014-01-07
78,76.41,2014-01-07
27,191.11,2014-01-07
45,205.22,2014-01-07
62,86.49,2014-01-07
76,98.4,2014-01-07
108,66.61,2014-01-07
129,444.77,2014-01-07
98,125.78,2014-01-07
126,443.99,2014-01-07
58,100.65,2014-01-07
63,71.27,2014-01-07
66,79.13,2014-01-07
86,70.65,2014-01-07
79,68.59,2014-01-07
65,64.79,2014-01-07
57,95.92,2014-01-07
69,83.07,2014-01-07
20,106.54,2014-01-07
128,457.36,2014-01-07
105,69.84,2014-01-07
39,269.48,2014-01-07
64,90.67,2014-01-07
32,219.93,2014-01-07
87,81.64,2014-01-07
94,95.64,2014-01-07
99,123.68,2014-01-07
121,481.7,2014-01-07
100,127.73,2014-01-07
106,72.06,2014-01-07
93,122.4,2014-01-07
55,86.09,2014-01-07
28,229.67,2014-01-07
74,76.93,2014-01-07
44,222.11,2014-02-04
35,246.18,2014-02-04
111,49.32,2014-02-04
15,75.38,2014-02-04
18,115.92,2014-02-04
4,71.33,2014-02-04
85,93.49,2014-02-04
58,100.03,2014-02-04
31,216.93,2014-02-04
13,110.14,2014-02-04
98,132.53,2014-02-04
42,244.16,2014-02-04
82,53.3,2014-02-04
51,81.18,2014-02-04
74,74.82,2014-02-04
49,392.83,2014-02-04
93,125.59,2014-02-04
48,302.33,2014-02-04
8,86.94,2014-02-04
116,49.65,2014-02-04
128,438.01,2014-02-04
21,106.94,2014-02-04
66,83.12,2014-02-04
55,84.03,2014-02-04
104,68.54,2014-02-04
64,94.75,2014-02-04
115,64.17,2014-02-04
91,148.55,2014-02-04
84,92.84,2014-02-04
59,109.3,2014-02-04
53,75.62,2014-02-04
108,63.31,2014-02-04
129,449.26,2014-02-04
81,61.78,2014-02-04
25,196.62,2014-02-04
60,89.9,2014-02-04
77,79.05,2014-02-04
120,407.88,2014-02-04
112,56.79,2014-02-04
30,209.37,2014-02-04
19,105.49,2014-02-04
54,84.96,2014-02-04
2,79.13,2014-02-04
32,218.66,2014-02-04
106,73.43,2014-02-04
6,84.9,2014-02-04
15,79.03,2014-03-04
78,80.27,2014-03-04
54,84.5,2014-03-04
121,462.68,2014-03-04
24,186.68,2014-03-04
21,108.86,2014-03-04
105,71.02,2014-03-04
97,161.32,2014-03-04
25,198.51,2014-03-04
32,218.42,2014-03-04
60,94.71,2014-03-04
75,83.37,2014-03-04
115,67.95,2014-03-04
42,232.3,2014-03-04
10,103.05,2014-03-04
106,72.1,2014-03-04
2,81.88,2014-03-04
16,96.15,2014-03-04
99,130.22,2014-03-04
35,240.08,2014-03-04
120,407.28,2014-03-04
102,126.74,2014-03-04
18,113.51,2014-03-04
53,77.47,2014-03-04
28,229.02,2014-03-04
19,100.89,2014-03-04
22,102.93,2014-03-04
68,89.21,2014-03-04
52,97.07,2014-03-04
72,94.73,2014-03-04
31,226.02,2014-03-04
41,262.9,2014-03-04
98,131.27,2014-03-04
44,233.9,2014-03-04
83,58.89,2014-03-04
13,112.87,2014-03-04
6,82.0,2014-03-04
39,269.9,2014-03-04
113,56.46,2014-03-04
17,95.06,2014-03-04
71,85.38,2014-03-04
1,75.11,2014-03-04
8,87.63,2014-03-04
117,57.61,2014-03-04
95,98.73,2014-03-04
108,66.32,2014-03-04
56,76.6,2014-03-04
50,73.1,2014-03-04
92,110.22,2014-03-04
119,366.71,2014-03-04
107,66.47,2014-03-04
96,98.18,2014-03-04
122,432.2,2014-03-04
103,127.21,2014-03-04
26,188.26,2014-03-04
93,127.61,2014-03-04
112,58.56,2014-03-04
38,239.19,2014-03-04
123,448.33,2014-03-04
109,69.51,2014-03-04
3,61.36,2014-03-04
12,86.71,2014-03-04
27,183.75,2014-03-04
66,86.21,2014-03-04
76,102.44,2014-03-04
127,356.21,2014-03-04
61,86.1,2014-03-04
57,95.19,2014-03-04
128,440.11,2014-03-04
80,60.26,2014-03-04
126,443.51,2014-03-04
74,77.92,2014-03-04
32,219.84,2014-04-01
44,225.68,2014-04-01
14,103.39,2014-04-01
89,154.68,2014-04-01
22,102.06,2014-04-01
27,175.12,2014-04-01
20,109.53,2014-04-01
106,69.94,2014-04-01
28,239.45,2014-04-01
3,62.86,2014-04-01
90,130.54,2014-04-01
87,82.88,2014-04-01
6,81.95,2014-04-01
85,97.81,2014-04-01
63,73.87,2014-04-01
78,79.48,2014-04-01
117,60.45,2014-04-01
121,476.17,2014-04-01
43,285.81,2014-04-01
19,104.59,2014-04-01
110,58.88,2014-04-01
13,114.62,2014-04-01
124,373.43,2014-04-01
21,110.07,2014-04-01
70,93.47,2014-04-01
97,155.69,2014-04-01
56,74.89,2014-04-01
48,296.26,2014-04-01
30,213.16,2014-04-01
1,76.58,2014-04-01
54,84.45,2014-04-01
129,445.23,2014-04-01
45,198.14,2014-04-01
39,258.89,2014-04-01
83,56.15,2014-04-01
98,134.54,2014-04-01
126,455.39,2014-04-01
12,84.58,2014-04-01
42,242.72,2014-04-01
108,67.5,2014-04-01
4,71.89,2014-04-01
77,81.71,2014-04-01
107,69.21,2014-04-01
38,234.4,2014-04-01
5,58.35,2014-04-01
9,80.39,2014-04-01
94,91.73,2014-04-01
73,72.3,2014-04-01
119,385.48,2014-04-01
95,97.63,2014-04-01
122,412.87,2014-04-01
8,90.97,2014-04-01
61,88.18,2014-04-01
51,78.58,2014-04-01
57,99.23,2014-04-01
71,87.27,2014-04-01
69,84.38,2014-04-01
23,109.26,2014-04-01
93,134.53,2014-04-01
33,247.42,2014-04-01
18,108.44,2014-04-01
127,353.95,2014-04-01
25,198.08,2014-04-01
60,95.01,2014-04-01
84,93.22,2014-04-01
15,77.22,2014-04-01
68,88.21,2014-04-01
103,129.61,2014-04-01
31,234.98,2014-04-01
74,81.44,2014-04-01
116,48.17,2014-04-01
11,75.03,2014-04-01
69,83.39,2014-05-06
62,86.96,2014-05-06
33,254.46,2014-05-06
23,107.71,2014-05-06
5,61.84,2014-05-06
74,80.79,2014-05-06
11,79.38,2014-05-06
2,79.51,2014-05-06
17,100.31,2014-05-06
40,286.92,2014-05-06
18,103.28,2014-05-06
109,66.28,2014-05-06
39,256.58,2014-05-06
124,395.59,2014-05-06
126,447.72,2014-05-06
70,95.76,2014-05-06
45,201.55,2014-05-06
57,104.61,2014-05-06
128,430.07,2014-05-06
26,184.82,2014-05-06
64,99.44,2014-05-06
113,55.25,2014-05-06
4,71.85,2014-05-06
98,131.02,2014-05-06
9,81.75,2014-05-06
103,127.93,2014-05-06
110,62.3,2014-05-06
82,52.64,2014-05-06
15,78.99,2014-05-06
88,180.82,2014-05-06
16,97.8,2014-05-06
63,72.03,2014-05-06
115,66.53,2014-05-06
118,483.33,2014-05-06
8,94.5,2014-05-06
48,282.58,2014-05-06
119,376.3,2014-05-06
121,489.63,2014-05-06
46,375.32,2014-05-06
10,104.43,2014-05-06
89,156.81,2014-05-06
107,72.04,2014-05-06
95,98.51,2014-05-06
1,79.16,2014-05-06
127,360.35,2014-05-06
122,428.72,2014-05-06
77,80.12,2014-05-06
129,451.59,2014-05-06
99,134.42,2014-05-06
117,63.59,2014-05-06
54,85.14,2014-05-06
14,102.06,2014-05-06
28,245.73,2014-05-06
120,427.11,2014-05-06
51,80.56,2014-05-06
68,93.45,2014-05-06
71,89.51,2014-05-06
86,71.75,2014-05-06
108,68.94,2014-05-06
112,60.41,2014-05-06
29,270.38,2014-05-06
13,112.67,2014-05-06
60,100.64,2014-05-06
106,72.01,2014-05-06
44,214.4,2014-05-06
93,142.5,2014-05-06
47,311.93,2014-05-06
25,203.91,2014-05-06
32,225.77,2014-05-06
22,106.99,2014-05-06
101,126.2,2014-05-06
34,243.75,2014-05-06
5,64.24,2014-06-03
68,94.54,2014-06-03
128,415.14,2014-06-03
127,380.02,2014-06-03
56,72.33,2014-06-03
125,483.0,2014-06-03
98,126.87,2014-06-03
3,64.9,2014-06-03
7,71.49,2014-06-03
126,432.63,2014-06-03
29,265.27,2014-06-03
13,115.06,2014-06-03
80,59.16,2014-06-03
92,110.37,2014-06-03
55,85.59,2014-06-03
38,233.08,2014-06-03
2,80.27,2014-06-03
23,111.89,2014-06-03
42,248.16,2014-06-03
111,51.74,2014-06-03
72,92.45,2014-06-03
97,148.35,2014-06-03
63,69.94,2014-06-03
102,130.73,2014-06-03
105,73.07,2014-06-03
37,266.31,2014-06-03
34,255.08,2014-06-03
53,81.72,2014-06-03
43,287.22,2014-06-03
32,234.99,2014-06-03
69,82.64,2014-06-03
81,62.19,2014-06-03
65,62.13,2014-06-03
116,50.26,2014-06-03
93,146.77,2014-06-03
91,154.09,2014-06-03
49,388.58,2014-06-03
16,99.78,2014-06-03
10,107.92,2014-06-03
107,68.74,2014-06-03
12,81.41,2014-06-03
18,105.84,2014-06-03
14,102.83,2014-06-03
50,72.36,2014-06-03
122,451.34,2014-06-03
41,278.65,2014-06-03
108,65.74,2014-06-03
76,106.77,2014-06-03
9,84.15,2014-06-03
99,142.1,2014-06-03
77,77.3,2014-06-03
119,392.63,2014-06-03
48,283.24,2014-06-03
11,75.91,2014-06-03
31,232.44,2014-06-03
51,83.77,2014-06-03
120,432.97,2014-06-03
67,91.05,2014-06-03
124,403.28,2014-06-03
74,81.69,2014-06-03
84,93.58,2014-06-03
4,73.02,2014-06-03
27,176.8,2014-06-03
17,104.86,2014-06-03
15,77.36,2014-06-03
44,206.58,2014-06-03
66,83.89,2014-06-03
94,96.15,2014-06-03
75,87.06,2014-06-03
73,75.24,2014-06-03
25,202.99,2014-06-03
24,194.52,2014-06-03
52,102.26,2014-06-03
40,281.84,2014-06-03
33,252.22,2014-06-03
1,82.7,2014-06-03
123,429.57,2014-06-03
35,252.76,2014-06-03
104,71.02,2014-06-03
22,107.32,2014-06-03
117,67.26,2014-06-03
62,83.37,2014-06-03
121,475.08,2014-06-03
96,100.71,2014-06-03
119,378.96,2014-07-01
17,100.09,2014-07-01
23,116.0,2014-07-01
41,271.32,2014-07-01
93,149.36,2014-07-01
74,80.97,2014-07-01
52,101.54,2014-07-01
50,74.74,2014-07-01
101,120.68,2014-07-01
94,91.69,2014-07-01
87,81.97,2014-07-01
73,78.15,2014-07-01
68,94.91,2014-07-01
102,135.48,2014-07-01
31,238.04,2014-07-01
55,88.47,2014-07-01
65,61.66,2014-07-01
84,94.33,2014-07-01
77,74.04,2014-07-01
60,97.32,2014-07-01
86,70.41,2014-07-01
34,259.32,2014-07-01
18,105.43,2014-07-01
3,68.42,2014-07-01
110,65.6,2014-07-01
98,128.52,2014-07-01
76,106.3,2014-07-01
42,236.05,2014-07-01
21,116.28,2014-07-01
63,71.72,2014-07-01
125,506.51,2014-07-01
97,143.69,2014-07-01
49,373.07,2014-07-01
106,71.32,2014-07-01
43,300.28,2014-07-01
120,454.58,2014-07-01
26,182.85,2014-07-01
5,61.09,2014-07-01
103,131.5,2014-07-01
109,66.68,2014-07-01
127,391.74,2014-07-01
46,370.99,2014-07-01
112,59.82,2014-07-01
56,76.49,2014-07-01
32,248.21,2014-07-01
28,253.19,2014-07-01
114,39.66,2014-08-05
110,68.42,2014-08-05
72,95.96,2014-08-05
17,95.84,2014-08-05
16,97.07,2014-08-05
95,98.11,2014-08-05
26,177.32,2014-08-05
106,73.08,2014-08-05
41,260.95,2014-08-05
120,467.97,2014-08-05
75,84.75,2014-08-05
22,113.46,2014-08-05
15,75.6,2014-08-05
126,415.12,2014-08-05
93,156.29,2014-08-05
6,83.36,2014-08-05
27,179.0,2014-08-05
23,110.81,2014-08-05
76,105.85,2014-08-05
69,79.31,2014-08-05
51,83.94,2014-08-05
18,100.41,2014-08-05
28,260.23,2014-08-05
25,210.72,2014-08-05
1,79.58,2014-08-05
37,257.25,2014-08-05
78,80.9,2014-08-05
108,63.65,2014-08-05
4,73.04,2014-08-05
89,153.44,2014-08-05
46,361.46,2014-08-05
62,80.23,2014-08-05
42,232.4,2014-08-05
14,105.66,2014-08-05
60,94.29,2014-08-05
55,85.97,2014-08-05
77,72.9,2014-08-05
47,313.09,2014-08-05
112,59.17,2014-08-05
7,74.13,2014-08-05
32,251.83,2014-08-05
82,50.81,2014-08-05
9,85.86,2014-08-05
118,502.6,2014-08-05
109,63.53,2014-08-05
88,181.87,2014-08-05
122,446.2,2014-08-05
116,48.44,2014-08-05
115,68.77,2014-08-05
67,92.18,2014-08-05
50,71.8,2014-08-05
101,117.17,2014-08-05
113,57.76,2014-08-05
80,59.44,2014-08-05
102,132.14,2014-08-05
65,59.52,2014-08-05
104,72.95,2014-08-05
79,70.8,2014-08-05
52,104.3,2014-09-02
95,93.28,2014-09-02
85,102.58,2014-09-02
56,75.03,2014-09-02
122,440.16,2014-09-02
10,107.7,2014-09-02
4,71.09,2014-09-02
30,217.32,2014-09-02
104,76.14,2014-09-02
24,200.52,2014-09-02
50,73.19,2014-09-02
93,161.44,2014-09-02
63,68.35,2014-09-02
66,87.33,2014-09-02
54,85.68,2014-09-02
69,83.33,2014-09-02
33,261.89,2014-09-02
79,72.34,2014-09-02
88,192.74,2014-09-02
97,144.7,2014-09-02
68,97.95,2014-09-02
80,58.07,2014-09-02
73,76.21,2014-09-02
7,76.95,2014-09-02
96,102.73,2014-09-02
78,83.22,2014-09-02
32,240.06,2014-09-02
83,57.18,2014-09-02
57,100.13,2014-09-02
48,290.68,2014-09-02
34,251.73,2014-09-02
113,54.9,2014-09-02
44,203.93,2014-09-02
60,96.6,2014-09-02
42,232.24,2014-09-02
72,91.76,2014-09-02
111,53.9,2014-09-02
81,63.9,2014-09-02
94,90.88,2014-09-02
11,80.3,2014-09-02
35,259.7,2014-09-02
21,117.95,2014-09-02
22,113.17,2014-09-02
92,108.23,2014-09-02
40,275.45,2014-09-02
91,149.13,2014-09-02
23,117.26,2014-09-02
17,101.22,2014-09-02
58,105.87,2014-09-02
110,66.59,2014-09-02
3,68.8,2014-09-02
100,133.98,2014-09-02
59,112.73,2014-09-02
55,85.91,2014-09-02
28,248.52,2014-09-02
86,67.26,2014-09-02
53,84.93,2014-09-02
12,79.86,2014-09-02
102,135.78,2014-09-02
18,103.78,2014-09-02
114,39.59,2014-09-02
117,66.23,2014-09-02
15,77.17,2014-09-02
45,204.4,2014-09-02
46,367.38,2014-09-02
65,58.33,2014-09-02
123,412.07,2014-09-02
20,108.01,2014-09-02
64,98.78,2014-09-02
19,105.08,2014-09-02
107,67.29,2014-09-02
89,151.54,2014-09-02
127,408.43,2014-09-02
36,235.19,2014-09-02
105,74.9,2014-10-07
12,82.22,2014-10-07
15,79.57,2014-10-07
8,95.28,2014-10-07
25,201.99,2014-10-07
47,308.3,2014-10-07
4,73.74,2014-10-07
28,262.79,2014-10-07
108,62.26,2014-10-07
124,408.1,2014-10-07
82,49.89,2014-10-07
57,101.08,2014-10-07
115,68.49,2014-10-07
86,70.96,2014-10-07
55,86.37,2014-10-07
80,60.22,2014-10-07
122,432.42,2014-10-07
103,137.89,2014-10-07
75,84.67,2014-10-07
119,386.68,2014-10-07
88,197.97,2014-10-07
14,102.24,2014-10-07
30,211.54,2014-10-07
78,87.66,2014-10-07
60,91.79,2014-10-07
56,75.54,2014-10-07
90,125.33,2014-10-07
117,68.95,2014-10-07
79,70.39,2014-10-07
123,424.68,2014-10-07
84,92.55,2014-10-07
2,81.44,2014-10-07
44,201.43,2014-10-07
38,232.8,2014-10-07
27,183.9,2014-10-07
46,361.26,2014-10-07
94,87.83,2014-10-07
109,60.91,2014-10-07
74,85.48,2014-10-07
48,298.34,2014-10-07
21,113.22,2014-10-07
63,65.1,2014-10-07
101,112.6,2014-10-07
78,91.47,2014-11-04
123,438.97,2014-11-04
93,168.44,2014-11-04
66,92.14,2014-11-04
7,78.15,2014-11-04
63,62.66,2014-11-04
26,176.06,2014-11-04
117,66.82,2014-11-04
31,243.41,2014-11-04
43,309.73,2014-11-04
106,74.77,2014-11-04
38,235.57,2014-11-04
112,59.11,2014-11-04
98,134.39,2014-11-04
119,396.25,2014-11-04
62,80.14,2014-11-04
95,93.83,2014-11-04
94,86.93,2014-11-04
83,58.77,2014-11-04
35,265.08,2014-11-04
64,104.13,2014-11-04
17,101.77,2014-11-04
3,68.77,2014-11-04
79,70.55,2014-11-04
32,230.86,2014-11-04
41,248.0,2014-11-04
67,89.95,2014-11-04
13,117.76,2014-11-04
34,263.13,2014-11-04
52,107.8,2014-11-04
36,247.8,2014-11-04
108,64.84,2014-11-04
120,450.68,2014-11-04
71,88.42,2014-11-04
91,150.39,2014-11-04
46,379.79,2014-11-04
27,189.07,2014-11-04
18,103.07,2014-11-04
50,76.62,2014-11-04
103,143.09,2014-11-04
101,117.62,2014-11-04
22,119.96,2014-11-04
49,379.91,2014-11-04
72,94.43,2014-11-04
124,417.56,2014-11-04
111,55.97,2014-11-04
12,79.73,2014-11-04
20,111.25,2014-11-04
4,75.61,2014-11-04
74,84.48,2014-11-04
97,149.28,2014-11-04
45,213.5,2014-11-04
65,59.18,2014-11-04
19,100.59,2014-11-04
57,100.87,2014-11-04
76,108.85,2014-11-04
40,279.74,2014-11-04
29,268.41,2014-11-04
4,79.57,2014-12-02
122,414.34,2014-12-02
46,365.14,2014-12-02
95,93.54,2014-12-02
61,90.93,2014-12-02
35,258.75,2014-12-02
124,409.32,2014-12-02
121,452.05,2014-12-02
32,239.31,2014-12-02
116,46.58,2014-12-02
83,61.86,2014-12-02
40,266.02,2014-12-02
67,86.79,2014-12-02
39,249.45,2014-12-02
68,103.27,2014-12-02
82,49.39,2014-12-02
75,84.34,2014-12-02
71,93.06,2014-12-02
56,72.29,2014-12-02
24,211.87,2014-12-02
23,116.08,2014-12-02
109,64.18,2014-12-02
123,441.74,2014-12-02
87,82.99,2014-12-02
86,72.91,2014-12-02
10,107.94,2014-12-02
16,100.38,2014-12-02
117,66.86,2014-12-02
125,534.68,2014-12-02
14,103.74,2014-12-02
38,236.98,2014-12-02
54,83.01,2014-12-02
127,420.88,2014-12-02
55,84.56,2014-12-02
44,212.16,2014-12-02
118,481.56,2014-12-02
73,75.64,2014-12-02
102,140.91,2014-12-02
59,112.93,2014-12-02
74,84.35,2014-12-02
80,63.16,2014-12-02
119,417.75,2014-12-02
9,85.07,2014-12-02
101,111.89,2014-12-02
13,113.95,2014-12-02
3,66.22,2014-12-02
53,84.48,2014-12-02
41,253.65,2014-12-02
65,59.0,2014-12-02
110,68.65,2014-12-02
64,107.24,2014-12-02
92,103.4,2014-12-02
36,254.6,2014-12-02
22,119.67,2014-12-02
107,64.61,2014-12-02
25,211.13,2014-12-02
1,78.67,2014-12-02
27,188.62,2014-12-02
104,76.21,2014-12-02
111,58.02,2014-12-02
85,101.87,2014-12-02
93,160.04,2014-12-02
79,73.4,2014-12-02
97,156.25,2014-12-02
114,39.74,2014-12-02
47,315.15,2014-12-02
78,88.95,2014-12-02
115,68.81,2014-12-02
70,96.34,2014-12-02
60,89.58,2014-12-02
62,82.06,2014-12-02
52,103.16,2014-12-02
8,91.15,2014-12-02
17,102.4,2014-12-02
96,105.17,2015-01-06
63,64.85,2015-01-06
61,95.7,2015-01-06
114,39.91,2015-01-06
18,104.03,2015-01-06
119,411.33,2015-01-06
98,136.8,2015-01-06
17,107.37,2015-01-06
28,250.61,2015-01-06
34,255.09,2015-01-06
81,62.6,2015-01-06
75,81.91,2015-01-06
89,152.97,2015-01-06
6,84.92,2015-01-06
78,86.63,2015-01-06
32,234.16,2015-01-06
101,108.45,2015-01-06
105,71.33,2015-01-06
51,84.13,2015-01-06
46,361.98,2015-01-06
92,104.83,2015-01-06
8,93.71,2015-01-06
87,80.4,2015-01-06
15,75.82,2015-01-06
93,161.93,2015-01-06
27,182.55,2015-01-06
69,86.3,2015-01-06
14,98.93,2015-01-06
127,422.12,2015-01-06
125,540.72,2015-01-06
128,406.91,2015-01-06
68,98.86,2015-01-06
62,78.88,2015-01-06
35,249.43,2015-01-06
109,63.81,2015-01-06
112,58.21,2015-01-06
71,93.73,2015-01-06
95,89.82,2015-01-06
66,89.43,2015-01-06
106,75.97,2015-01-06
10,110.32,2015-01-06
84,89.99,2015-01-06
91,145.47,2015-01-06
26,169.28,2015-01-06
37,265.46,2015-01-06
80,65.32,2015-01-06
56,72.72,2015-01-06
59,117.06,2015-01-06
73,77.97,2015-01-06
102,135.52,2015-01-06
65,57.59,2015-01-06
11,76.87,2015-01-06
90,132.75,2015-01-06
58,103.47,2015-01-06
4,83.95,2015-01-06
21,110.35,2015-01-06
39,263.54,2015-01-06
1,82.65,2015-01-06
79,77.36,2015-01-06
25,217.18,2015-01-06
16,97.43,2015-01-06
118,491.7,2015-01-06
29,274.78,2015-01-06
94,89.92,2015-01-06
100,133.42,2015-01-06
108,67.37,2015-01-06
123,444.55,2015-01-06
53,88.17,2015-01-06
72,91.08,2015-01-06
120,450.2,2015-01-06
13,112.11,2015-01-06
42,224.5,2015-01-06
83,61.1,2015-01-06
122,413.62,2015-01-06
126,431.59,2015-01-06
76,104.62,2015-01-06
45,210.14,2015-01-06
60,85.54,2015-01-06
8,97.22,2015-02-03
12,77.38,2015-02-03
121,461.51,2015-02-03
35,260.51,2015-02-03
89,146.13,2015-02-03
7,79.92,2015-02-03
71,89.6,2015-02-03
16,96.53,2015-02-03
77,71.25,2015-02-03
124,414.27,2015-02-03
65,60.25,2015-02-03
48,302.94,2015-02-03
18,100.01,2015-02-03
54,82.81,2015-02-03
37,266.32,2015-02-03
33,272.48,2015-02-03
98,137.82,2015-02-03
94,91.29,2015-02-03
41,259.16,2015-02-03
40,273.34,2015-02-03
60,90.09,2015-02-03
115,67.17,2015-02-03
13,109.28,2015-02-03
2,77.6,2015-02-03
64,107.7,2015-02-03
117,69.81,2015-02-03
86,74.61,2015-02-03
95,93.1,2015-02-03
109,65.08,2015-02-03
107,64.0,2015-02-03
38,225.47,2015-02-03
22,122.71,2015-02-03
83,59.47,2015-02-03
106,79.06,2015-02-03
125,549.65,2015-02-03
26,179.1,2015-02-03
80,64.1,2015-02-03
45,216.54,2015-02-03
29,281.32,2015-02-03
56,70.56,2015-02-03
28,253.83,2015-02-03
31,233.7,2015-02-03
96,111.25,2015-02-03
84,86.58,2015-02-03
32,238.08,2015-02-03
59,121.11,2015-02-03
81,61.96,2015-02-03
4,81.87,2015-02-03
3,65.0,2015-02-03
90,131.21,2015-02-03
100,139.05,2015-02-03
39,258.03,2015-02-03
74,89.28,2015-02-03
44,205.63,2015-02-03
55,80.92,2015-02-03
58,108.78,2015-02-03
43,314.05,2015-02-03
119,391.29,2015-02-03
88,209.72,2015-02-03
103,141.83,2015-02-03
37,268.48,2015-03-03
127,432.84,2015-03-03
67,84.46,2015-03-03
124,410.13,2015-03-03
108,65.28,2015-03-03
30,222.13,2015-03-03
94,87.3,2015-03-03
126,422.83,2015-03-03
33,265.47,2015-03-03
3,67.7,2015-03-03
77,70.52,2015-03-03
63,68.13,2015-03-03
123,460.45,2015-03-03
54,83.66,2015-03-03
55,83.88,2015-03-03
19,98.3,2015-03-03
53,93.26,2015-03-03
107,61.72,2015-03-03
81,64.86,2015-03-03
10,115.36,2015-03-03
42,236.34,2015-03-03
16,94.32,2015-03-03
40,259.69,2015-03-03
62,83.22,2015-03-03
96,111.59,2015-03-03
84,83.03,2015-03-03
75,81.75,2015-03-03
28,241.46,2015-03-03
111,58.88,2015-03-03
92,100.54,2015-03-03
115,64.18,2015-03-03
9,83.05,2015-03-03
27,186.29,2015-03-03
87,81.34,2015-03-03
99,140.23,2015-03-03
17,105.37,2015-03-03
45,227.29,2015-03-03
89,149.64,2015-03-03
32,250.05,2015-03-03
114,38.81,2015-03-03
117,72.92,2015-03-03
34,257.12,2015-03-03
8,101.03,2015-03-03
109,64.71,2015-03-03
82,48.91,2015-03-03
36,257.15,2015-03-03
5,64.18,2015-03-03
18,100.57,2015-03-03
70,95.92,2015-03-03
83,57.52,2015-03-03
112,59.66,2015-03-03
86,72.15,2015-03-03
100,134.42,2015-03-03
68,97.51,2015-03-03
6,85.59,2015-03-03
129,472.32,2015-03-03
90,136.16,2015-03-03
56,73.28,2015-03-03
4,84.15,2015-03-03
46,372.48,2015-03-03
97,162.07,2015-03-03
31,227.6,2015-03-03
7,82.12,2015-03-03
95,94.67,2015-03-03
24,209.06,2015-03-03
119,388.73,2015-03-03
98,133.62,2015-03-03
103,134.99,2015-03-03
85,103.0,2015-03-03
57,103.36,2015-03-03
39,250.34,2015-03-03
113,52.79,2015-03-03
106,82.61,2015-03-03
80,60.94,2015-03-03
116,48.56,2015-03-03
104,75.55,2015-03-03
105,69.24,2015-03-03
13,112.19,2015-03-03
4,84.7,2015-04-07
6,86.97,2015-04-07
115,62.2,2015-04-07
61,92.35,2015-04-07
91,147.23,2015-04-07
42,230.04,2015-04-07
5,64.55,2015-04-07
26,172.02,2015-04-07
10,110.4,2015-04-07
8,103.18,2015-04-07
71,88.06,2015-04-07
81,65.05,2015-04-07
67,81.75,2015-04-07
47,313.45,2015-04-07
94,86.29,2015-04-07
85,101.7,2015-04-07
46,379.89,2015-04-07
108,67.02,2015-04-07
98,130.89,2015-04-07
32,257.53,2015-04-07
44,200.94,2015-04-07
62,79.26,2015-04-07
99,147.41,2015-04-07
60,91.24,2015-04-07
30,232.87,2015-04-07
29,293.57,2015-04-07
63,71.49,2015-04-07
83,58.17,2015-04-07
93,154.5,2015-04-07
54,85.77,2015-04-07
22,118.74,2015-04-07
96,117.51,2015-04-07
51,86.61,2015-04-07
106,84.53,2015-04-07
73,79.78,2015-04-07
16,96.55,2015-04-07
129,450.1,2015-04-07
64,105.77,2015-04-07
89,156.1,2015-04-07
39,243.22,2015-04-07
37,262.81,2015-04-07
88,200.39,2015-04-07
28,243.31,2015-04-07
109,65.4,2015-04-07
12,77.07,2015-04-07
87,85.02,2015-04-07
120,439.31,2015-04-07
112,58.72,2015-04-07
82,51.82,2015-04-07
124,405.49,2015-04-07
118,483.64,2015-04-07
90,137.25,2015-04-07
111,60.4,2015-04-07
69,84.81,2015-04-07
86,73.52,2015-04-07
36,261.12,2015-04-07
17,106.43,2015-04-07
70,99.24,2015-04-07
92,99.81,2015-04-07
127,440.7,2015-04-07
128,405.83,2015-04-07
48,309.64,2015-04-07
20,109.37,2015-04-07
114,37.83,2015-04-07
95,93.29,2015-04-07
113,51.47,2015-04-07
2,79.34,2015-04-07
107,64.22,2015-04-07
58,115.21,2015-04-07
122,411.33,2015-04-07
7,80.34,2015-04-07
52,107.06,2015-04-07
35,271.65,2015-04-07
116,48.91,2015-04-07
97,155.36,2015-04-07
72,95.05,2015-04-07
27,194.97,2015-04-07
53,98.53,2015-04-07
3,67.99,2015-04-07
18,105.56,2015-04-07
66,91.83,2015-04-07
15,74.51,2015-05-05
119,380.63,2015-05-05
109,62.15,2015-05-05
10,113.59,2015-05-05
53,99.21,2015-05-05
85,106.06,2015-05-05
84,80.81,2015-05-05
128,403.44,2015-05-05
124,388.1,2015-05-05
37,271.7,2015-05-05
88,205.21,2015-05-05
105,68.13,2015-05-05
118,493.33,2015-05-05
108,70.23,2015-05-05
95,92.26,2015-05-05
20,115.42,2015-05-05
49,366.75,2015-05-05
71,87.74,2015-05-05
69,82.83,2015-05-05
89,163.84,2015-05-05
47,332.25,2015-05-05
11,75.39,2015-05-05
90,132.89,2015-05-05
68,95.28,2015-05-05
74,93.09,2015-05-05
106,85.37,2015-05-05
104,78.84,2015-05-05
66,93.54,2015-05-05
39,242.03,2015-05-05
102,135.86,2015-05-05
93,156.87,2015-05-05
8,99.47,2015-05-05
111,62.93,2015-05-05
58,109.79,2015-05-05
14,101.61,2015-05-05
12,76.33,2015-05-05
40,260.16,2015-05-05
114,39.5,2015-05-05
1,87.14,2015-05-05
2,78.8,2015-05-05
83,59.09,2015-05-05
43,307.46,2015-05-05
24,207.3,2015-05-05
63,73.28,2015-05-05
123,475.75,2015-05-05
60,89.34,2015-05-05
52,108.02,2015-05-05
31,229.36,2015-05-05
17,109.15,2015-05-05
125,575.1,2015-05-05
9,80.88,2015-05-05
72,92.77,2015-05-05
25,216.19,2015-05-05
64,109.01,2015-05-05
81,62.81,2015-05-05
86,72.33,2015-05-05
57,107.22,2015-05-05
26,177.65,2015-05-05
78,88.58,2015-05-05
99,147.36,2015-05-05
44,199.86,2015-05-05
120,419.08,2015-05-05
121,472.19,2015-05-05
62,76.32,2015-05-05
112,58.13,2015-05-05
19,100.86,2015-05-05
50,78.91,2015-05-05
115,62.04,2015-05-05
35,259.13,2015-05-05
18,100.71,2015-05-05
51,86.73,2015-05-05
122,391.66,2015-05-05
38,218.27,2015-05-05
70,102.88,2015-05-05
30,235.29,2015-05-05
96,121.1,2015-05-05
42,238.8,2015-05-05
82,50.3,2015-05-05
48,296.98,2015-05-05
13,107.77,2015-05-05
107,66.31,2015-05-05
24,208.45,2015-06-02
49,371.18,2015-06-02
121,485.96,2015-06-02
47,333.2,2015-06-02
3,69.76,2015-06-02
67,79.71,2015-06-02
29,298.54,2015-06-02
19,97.0,2015-06-02
51,88.14,2015-06-02
78,85.27,2015-06-02
6,90.81,2015-06-02
87,88.15,2015-06-02
22,122.18,2015-06-02
79,78.63,2015-06-02
54,82.46,2015-06-02
96,117.51,2015-06-02
106,81.84,2015-06-02
72,89.78,2015-06-02
115,64.84,2015-06-02
64,105.36,2015-06-02
107,64.35,2015-06-02
81,66.02,2015-06-02
1,92.11,2015-06-02
39,237.34,2015-06-02
62,77.52,2015-06-02
124,406.55,2015-06-02
12,75.29,2015-06-02
34,249.57,2015-06-02
126,423.68,2015-06-02
85,104.33,2015-06-02
92,102.71,2015-06-02
128,390.51,2015-06-02
69,82.37,2015-06-02
100,139.69,2015-06-02
113,53.02,2015-06-02
56,73.25,2015-06-02
16,97.19,2015-06-02
52,108.66,2015-06-02
35,265.22,2015-06-02
103,137.65,2015-06-02
32,261.87,2015-06-02
94,83.74,2015-06-02
58,105.13,2015-06-02
2,78.86,2015-06-02
84,84.72,2015-06-02
63,75.49,2015-06-02
48,300.2,2015-06-02
111,64.4,2015-06-02
125,576.43,2015-06-02
50,75.27,2015-06-02
7,79.53,2015-06-02
26,181.34,2015-06-02
118,500.16,2015-06-02
8,101.0,2015-06-02
110,68.08,2015-06-02
59,127.16,2015-07-07
78,88.14,2015-07-07
115,66.66,2015-07-07
128,385.96,2015-07-07
17,113.14,2015-07-07
51,86.04,2015-07-07
80,58.1,2015-07-07
93,164.29,2015-07-07
71,84.45,2015-07-07
84,87.51,2015-07-07
107,63.3,2015-07-07
122,409.41,2015-07-07
7,79.5,2015-07-07
88,216.68,2015-07-07
33,264.23,2015-07-07
67,80.1,2015-07-07
118,492.09,2015-07-07
91,150.97,2015-07-07
70,108.72,2015-07-07
97,162.55,2015-07-07
38,208.47,2015-07-07
72,88.91,2015-07-07
20,114.18,2015-07-07
44,205.49,2015-07-07
63,78.24,2015-07-07
6,90.78,2015-07-07
18,106.5,2015-07-07
46,400.47,2015-07-07
99,155.0,2015-07-07
109,60.64,2015-07-07
27,193.65,2015-07-07
100,133.77,2015-07-07
58,104.22,2015-07-07
65,60.78,2015-07-07
15,76.45,2015-07-07
103,135.38,2015-07-07
49,365.78,2015-07-07
98,126.35,2015-07-07
108,73.41,2015-07-07
76,103.96,2015-07-07
116,49.01,2015-07-07
96,121.11,2015-07-07
123,464.57,2015-07-07
111,63.39,2015-07-07
8,96.1,2015-07-07
124,409.49,2015-07-07
24,203.82,2015-07-07
36,270.0,2015-07-07
8,95.9,2015-08-04
109,58.69,2015-08-04
88,223.28,2015-08-04
116,51.34,2015-08-04
93,170.48,2015-08-04
32,272.34,2015-08-04
56,72.18,2015-08-04
112,60.78,2015-08-04
83,57.87,2015-08-04
44,215.02,2015-08-04
42,248.5,2015-08-04
64,105.17,2015-08-04
94,85.22,2015-08-04
66,96.64,2015-08-04
96,117.01,2015-08-04
5,63.72,2015-08-04
101,112.41,2015-08-04
106,78.61,2015-08-04
29,307.53,2015-08-04
76,99.49,2015-08-04
89,173.65,2015-08-04
21,112.6,2015-08-04
67,81.6,2015-08-04
122,425.54,2015-08-04
59,122.55,2015-08-04
17,110.48,2015-08-04
18,105.65,2015-08-04
117,73.56,2015-08-04
70,105.48,2015-08-04
45,239.45,2015-08-04
40,268.25,2015-08-04
34,248.7,2015-08-04
72,87.05,2015-08-04
98,133.68,2015-08-04
3,70.0,2015-08-04
60,90.55,2015-08-04
78,91.51,2015-08-04
82,52.44,2015-08-04
14,97.75,2015-08-04
115,66.85,2015-08-04
121,482.46,2015-08-04
108,71.63,2015-08-04
123,470.18,2015-08-04
16,95.54,2015-08-04
86,70.66,2015-08-04
97,163.49,2015-08-04
2,75.13,2015-08-04
68,92.84,2015-08-04
120,400.48,2015-08-04
23,113.33,2015-08-04
13,104.55,2015-08-04
9,82.57,2015-08-04
119,389.83,2015-08-04
26,178.69,2015-08-04
84,89.01,2015-08-04
75,81.15,2015-08-04
36,266.54,2015-08-04
124,397.1,2015-08-04
73,80.21,2015-08-04
85,100.14,2015-08-04
74,97.79,2015-08-04
92,101.13,2015-08-04
110,65.59,2015-08-04
81,69.11,2015-08-04
48,297.83,2015-08-04
15,80.6,2015-08-04
19,102.55,2015-08-04
61,93.23,2015-08-04
113,54.32,2015-08-04
39,229.88,2015-08-04
37,284.74,2015-08-04
77,74.17,2015-08-04
6,88.27,2015-08-04
22,125.47,2015-08-04
47,331.09,2015-08-04
1,88.5,2015-08-04
27,184.56,2015-08-04
58,99.03,2015-08-04
69,86.6,2015-08-04
80,56.95,2015-08-04
49,386.47,2015-08-04
12,78.23,2015-08-04
57,112.36,2015-08-04
96,122.0,2015-09-01
9,83.13,2015-09-01
38,207.89,2015-09-01
69,83.12,2015-09-01
74,99.96,2015-09-01
124,394.36,2015-09-01
116,53.07,2015-09-01
27,176.1,2015-09-01
16,92.09,2015-09-01
44,226.6,2015-09-01
1,89.21,2015-09-01
97,158.31,2015-09-01
127,457.13,2015-09-01
61,89.49,2015-09-01
75,80.69,2015-09-01
18,108.9,2015-09-01
118,507.84,2015-09-01
87,87.92,2015-09-01
98,140.14,2015-09-01
42,255.26,2015-09-01
3,71.79,2015-09-01
81,66.08,2015-09-01
51,90.69,2015-09-01
40,277.25,2015-09-01
65,59.21,2015-09-01
90,128.57,2015-09-01
123,478.87,2015-09-01
35,268.65,2015-09-01
86,74.28,2015-09-01
126,432.59,2015-09-01
55,88.22,2015-09-01
84,89.72,2015-09-01
47,317.86,2015-09-01
53,97.61,2015-09-01
34,247.09,2015-09-01
100,138.26,2015-09-01
129,467.33,2015-09-01
113,55.54,2015-09-01
83,56.0,2015-09-01
20,111.34,2015-09-01
70,102.73,2015-09-01
92,98.73,2015-09-01
121,474.81,2015-09-01
78,95.66,2015-09-01
99,150.35,2015-09-01
89,165.02,2015-09-01
33,269.56,2015-09-01
102,131.53,2015-09-01
29,308.18,2015-09-01
21,109.43,2015-09-01
15,82.7,2015-09-01
57,116.12,2015-09-01
56,75.06,2015-09-01
30,231.86,2015-09-01
68,96.63,2015-09-01
6,90.53,2015-09-01
13,106.13,2015-09-01
22,123.36,2015-09-01
36,253.43,2015-09-01
95,97.25,2015-09-01
107,66.77,2015-09-01
18,111.68,2015-10-06
74,97.47,2015-10-06
22,127.92,2015-10-06
48,295.42,2015-10-06
36,266.35,2015-10-06
58,103.19,2015-10-06
55,86.09,2015-10-06
65,60.9,2015-10-06
102,129.4,2015-10-06
126,422.37,2015-10-06
39,233.88,2015-10-06
24,202.24,2015-10-06
79,76.0,2015-10-06
46,396.21,2015-10-06
91,155.5,2015-10-06
119,413.01,2015-10-06
109,56.01,2015-10-06
26,183.71,2015-10-06
43,310.87,2015-10-06
85,102.39,2015-10-06
99,148.89,2015-10-06
38,213.77,2015-10-06
40,287.88,2015-10-06
19,105.56,2015-10-06
20,105.9,2015-10-06
88,228.14,2015-10-06
110,64.46,2015-10-06
120,381.21,2015-10-06
115,64.64,2015-10-06
128,396.46,2015-10-06
11,76.09,2015-10-06
15,78.62,2015-10-06
34,235.48,2015-10-06
77,76.59,2015-10-06
80,60.04,2015-10-06
95,98.45,2015-10-06
129,452.21,2015-10-06
47,324.62,2015-10-06
52,112.29,2015-10-06
9,79.1,2015-10-06
1,86.22,2015-10-06
82,51.87,2015-10-06
94,82.39,2015-10-06
35,271.98,2015-10-06
14,97.98,2015-10-06
63,80.25,2015-10-06
21,112.43,2015-10-06
3,70.62,2015-10-06
87,88.74,2015-10-06
25,205.92,2015-10-06
113,58.41,2015-10-06
72,84.76,2015-10-06
81,68.18,2015-10-06
13,101.47,2015-10-06
2,74.02,2015-10-06
61,86.77,2015-10-06
117,74.09,2015-10-06
44,222.96,2015-10-06
107,66.8,2015-10-06
116,52.43,2015-10-06
92,100.28,2015-10-06
4,89.34,2015-10-06
42,263.15,2015-10-06
29,301.74,2015-10-06
122,438.91,2015-10-06
89,161.38,2015-10-06
106,74.85,2015-10-06
41,262.71,2015-10-06
83,58.93,2015-10-06
69,78.98,2015-10-06
105,65.03,2015-10-06
54,86.36,2015-10-06
112,59.13,2015-10-06
98,146.8,2015-10-06
90,134.19,2015-10-06
5,66.27,2015-10-06
78,98.72,2015-10-06
67,77.86,2015-10-06
64,110.04,2015-10-06
76,97.91,2015-10-06
51,89.9,2015-10-06
50,78.83,2015-10-06
108,68.45,2015-10-06
10,113.34,2015-10-06
125,552.45,2015-11-03
128,413.39,2015-11-03
43,300.8,2015-11-03
113,58.93,2015-11-03
57,119.49,2015-11-03
93,165.85,2015-11-03
92,95.58,2015-11-03
21,112.88,2015-11-03
1,86.28,2015-11-03
10,112.37,2015-11-03
99,143.49,2015-11-03
121,480.28,2015-11-03
26,177.1,2015-11-03
90,139.55,2015-11-03
41,263.87,2015-11-03
6,86.02,2015-11-03
83,60.0,2015-11-03
107,67.58,2015-11-03
18,112.64,2015-11-03
38,217.65,2015-11-03
94,83.93,2015-11-03
119,428.08,2015-11-03
9,81.94,2015-11-03
48,285.33,2015-11-03
65,59.82,2015-11-03
31,233.98,2015-11-03
102,128.08,2015-11-03
120,381.77,2015-11-03
40,280.39,2015-11-03
105,68.38,2015-11-03
68,101.01,2015-11-03
42,268.43,2015-11-03
88,231.82,2015-11-03
51,88.25,2015-11-03
127,469.45,2015-11-03
67,74.71,2015-11-03
58,102.13,2015-11-03
24,209.93,2015-11-03
104,83.03,2015-11-03
72,85.84,2015-11-03
77,75.78,2015-11-03
37,289.3,2015-11-03
82,51.36,2015-11-03
123,475.43,2015-11-03
109,55.76,2015-11-03
91,157.22,2015-11-03
89,157.57,2015-11-03
66,101.61,2015-11-03
81,69.11,2015-11-03
86,73.46,2015-11-03
13,96.87,2015-11-03
25,202.69,2015-11-03
28,243.88,2015-11-03
96,127.74,2015-11-03
56,76.11,2015-11-03
71,83.96,2015-11-03
30,223.22,2015-11-03
32,278.7,2015-11-03
124,380.96,2015-11-03
14,100.19,2015-11-03
11,77.16,2015-11-03
55,88.35,2015-11-03
108,66.34,2015-11-03
15,80.8,2015-11-03
95,97.99,2015-12-01
102,134.64,2015-12-01
104,85.37,2015-12-01
109,54.14,2015-12-01
110,61.36,2015-12-01
124,379.86,2015-12-01
18,110.7,2015-12-01
111,64.22,2015-12-01
23,112.51,2015-12-01
70,107.47,2015-12-01
8,95.59,2015-12-01
45,249.42,2015-12-01
98,149.09,2015-12-01
67,72.41,2015-12-01
9,83.94,2015-12-01
63,83.18,2015-12-01
21,108.97,2015-12-01
47,327.24,2015-12-01
11,76.32,2015-12-01
100,146.05,2015-12-01
68,104.36,2015-12-01
22,131.67,2015-12-01
19,100.49,2015-12-01
78,102.06,2015-12-01
42,264.28,2015-12-01
73,78.65,2015-12-01
87,85.89,2015-12-01
66,101.97,2015-12-01
59,120.07,2015-12-01
2,72.73,2015-12-01
35,259.46,2015-12-01
90,145.1,2015-12-01
25,211.07,2015-12-01
122,425.3,2015-12-01
62,80.56,2015-12-01
97,152.64,2015-12-01
56,73.37,2015-12-01
57,119.84,2015-12-01
79,76.15,2015-12-01
115,66.93,2015-12-01
82,52.24,2015-12-01
27,175.69,2015-12-01
128,425.9,2015-12-01
5,70.04,2015-12-01
113,58.97,2015-12-01
99,143.63,2015-12-01
60,91.66,2015-12-01
75,82.08,2015-12-01
61,89.27,2015-12-01
36,261.51,2015-12-01
39,240.35,2015-12-01
64,109.93,2015-12-01
93,159.09,2015-12-01
96,132.81,2015-12-01
52,115.11,2015-12-01
118,533.46,2015-12-01
80,61.19,2015-12-01
30,219.6,2015-12-01
108,63.58,2015-12-01
103,136.6,2015-12-01
88,221.67,2015-12-01
65,56.92,2015-12-01
7,83.59,2015-12-01
26,169.12,2015-12-01
84,88.92,2015-12-01
17,106.13,2015-12-01
32,287.84,2015-12-01
126,442.31,2015-12-01
6,89.65,2016-01-05
77,75.47,2016-01-05
99,147.23,2016-01-05
4,88.71,2016-01-05
120,370.39,2016-01-05
66,102.96,2016-01-05
57,126.98,2016-01-05
74,99.57,2016-01-05
104,88.34,2016-01-05
122,435.65,2016-01-05
38,223.4,2016-01-05
42,272.85,2016-01-05
84,93.78,2016-01-05
126,429.03,2016-01-05
83,63.13,2016-01-05
108,65.8,2016-01-05
94,88.74,2016-01-05
60,88.95,2016-01-05
103,134.31,2016-01-05
117,73.39,2016-01-05
90,153.13,2016-01-05
14,96.18,2016-01-05
43,292.61,2016-01-05
18,114.41,2016-01-05
44,214.57,2016-01-05
89,166.27,2016-01-05
20,105.3,2016-01-05
116,51.99,2016-01-05
28,249.82,2016-01-05
61,94.46,2016-01-05
56,75.83,2016-01-05
127,451.34,2016-01-05
76,95.87,2016-01-05
21,109.21,2016-01-05
80,59.72,2016-01-05
23,112.95,2016-01-05
22,127.26,2016-01-05
10,109.93,2016-01-05
31,230.07,2016-01-05
40,268.49,2016-01-05
41,272.54,2016-01-05
85,102.82,2016-01-05
3,74.51,2016-01-05
109,55.8,2016-01-05
124,386.67,2016-01-05
70,112.89,2016-01-05
49,378.16,2016-01-05
107,67.1,2016-01-05
87,87.16,2016-01-05
64,108.21,2016-01-05
55,87.96,2016-01-05
93,153.65,2016-01-05
36,273.37,2016-01-05
11,73.02,2016-01-05
32,288.7,2016-01-05
92,96.36,2016-01-05
8,99.37,2016-01-05
53,98.69,2016-01-05
110,64.72,2016-01-05
26,171.81,2016-01-05
24,218.73,2016-01-05
123,478.2,2016-01-05
35,254.71,2016-01-05
88,225.43,2016-01-05
79,80.37,2016-01-05
1,85.99,2016-01-05
63,79.24,2016-01-05
39,231.93,2016-01-05
20,109.51,2016-02-02
52,121.03,2016-02-02
80,57.96,2016-02-02
101,108.66,2016-02-02
15,84.31,2016-02-02
89,169.48,2016-02-02
108,68.09,2016-02-02
104,88.41,2016-02-02
50,75.68,2016-02-02
77,79.07,2016-02-02
4,88.15,2016-02-02
63,79.14,2016-02-02
51,85.45,2016-02-02
2,69.58,2016-02-02
59,126.08,2016-02-02
74,104.28,2016-02-02
5,72.87,2016-02-02
24,210.7,2016-02-02
98,157.55,2016-02-02
91,151.07,2016-02-02
117,71.1,2016-02-02
26,179.77,2016-02-02
120,387.13,2016-02-02
71,82.05,2016-02-02
125,562.01,2016-02-02
49,391.28,2016-02-02
78,97.3,2016-02-02
28,256.53,2016-02-02
121,466.09,2016-02-02
23,116.09,2016-02-02
53,94.23,2016-02-02
16,90.46,2016-02-02
35,245.76,2016-02-02
68,106.77,2016-02-02
82,53.7,2016-02-02
3,71.17,2016-02-02
122,414.61,2016-02-02
44,205.43,2016-02-02
105,71.62,2016-02-02
75,83.91,2016-02-02
27,173.94,2016-02-02
32,287.56,2016-02-02
21,105.61,2016-02-02
6,91.96,2016-02-02
39,229.71,2016-02-02
87,91.56,2016-02-02
69,82.12,2016-02-02
11,70.26,2016-02-02
47,318.96,2016-02-02
107,67.21,2016-02-02
66,100.6,2016-02-02
124,378.07,2016-02-02
115,68.12,2016-02-02
76,92.92,2016-02-02
83,65.32,2016-02-02
42,272.33,2016-02-02
96,131.51,2016-02-02
46,419.61,2016-02-02
56,78.37,2016-02-02
13,96.57,2016-02-02
129,459.23,2016-02-02
106,77.94,2016-02-02
18,115.77,2016-02-02
72,82.09,2016-02-02
70,112.78,2016-02-02
22,127.33,2016-02-02
25,221.9,2016-02-02
30,213.48,2016-02-02
8,99.51,2016-02-02
112,58.11,2016-02-02
62,78.35,2016-02-02
46,422.42,2016-03-01
6,95.6,2016-03-01
83,63.7,2016-03-01
117,70.58,2016-03-01
52,116.41,2016-03-01
60,84.72,2016-03-01
113,61.7,2016-03-01
41,262.03,2016-03-01
89,175.03,2016-03-01
36,280.49,2016-03-01
105,70.33,2016-03-01
76,94.4,2016-03-01
27,167.63,2016-03-01
7,84.78,2016-03-01
74,99.77,2016-03-01
57,133.15,2016-03-01
68,102.75,2016-03-01
121,490.43,2016-03-01
34,238.57,2016-03-01
25,214.64,2016-03-01
44,212.59,2016-03-01
12,75.27,2016-03-01
37,303.32,2016-03-01
19,105.92,2016-03-01
5,76.74,2016-03-01
110,61.81,2016-03-01
93,156.68,2016-03-01
85,100.8,2016-03-01
118,510.8,2016-03-01
20,110.22,2016-03-01
38,219.54,2016-03-01
53,94.25,2016-03-01
82,51.47,2016-03-01
50,72.69,2016-03-01
101,112.05,2016-03-01
111,64.44,2016-03-01
87,91.53,2016-03-01
124,394.49,2016-03-01
26,186.6,2016-03-01
45,254.37,2016-03-01
67,74.96,2016-03-01
70,110.45,2016-03-01
55,86.54,2016-03-01
17,102.27,2016-03-01
58,107.03,2016-03-01
3,75.05,2016-03-01
78,103.01,2016-03-01
23,116.87,2016-03-01
125,586.37,2016-03-01
95,101.57,2016-03-01
100,150.44,2016-03-01
2,71.17,2016-03-01
63,81.5,2016-03-01
123,466.8,2016-03-01
71,79.08,2016-03-01
103,140.72,2016-03-01
86,73.57,2016-03-01
24,207.53,2016-03-01
48,295.81,2016-03-01
21,105.5,2016-04-05
100,158.23,2016-04-05
69,78.84,2016-04-05
26,190.21,2016-04-05
118,505.59,2016-04-05
13,100.85,2016-04-05
68,97.83,2016-04-05
57,131.83,2016-04-05
59,127.45,2016-04-05
102,131.98,2016-04-05
86,73.4,2016-04-05
31,235.51,2016-04-05
56,79.89,2016-04-05
61,96.18,2016-04-05
77,81.49,2016-04-05
70,108.11,2016-04-05
60,87.61,2016-04-05
54,86.91,2016-04-05
89,178.69,2016-04-05
75,83.46,2016-04-05
107,70.71,2016-04-05
10,104.8,2016-04-05
50,70.33,2016-04-05
41,276.06,2016-04-05
9,85.76,2016-04-05
121,466.44,2016-04-05
39,231.15,2016-04-05
6,100.63,2016-04-05
101,108.33,2016-04-05
104,87.33,2016-04-05
114,40.48,2016-04-05
34,249.47,2016-04-05
116,49.59,2016-04-05
22,124.97,2016-04-05
36,271.61,2016-04-05
12,73.63,2016-04-05
65,56.79,2016-04-05
14,98.39,2016-04-05
128,443.29,2016-04-05
32,273.49,2016-04-05
35,241.0,2016-04-05
103,140.48,2016-04-05
19,108.97,2016-04-05
43,280.58,2016-04-05
94,86.53,2016-04-05
27,170.88,2016-04-05
3,74.02,2016-04-05
66,102.84,2016-04-05
92,99.55,2016-04-05
78,100.26,2016-04-05
58,108.16,2016-04-05
47,321.02,2016-04-05
5,75.73,2016-04-05
119,420.66,2016-04-05
29,312.06,2016-04-05
37,300.86,2016-04-05
127,435.55,2016-04-05
18,114.32,2016-04-05
99,143.58,2016-04-05
16,86.77,2016-04-05
120,391.7,2016-04-05
82,54.36,2016-04-05
79,79.86,2016-04-05
73,76.18,2016-04-05
46,417.31,2016-04-05
88,222.75,2016-04-05
72,83.56,2016-04-05
68,100.03,2016-05-03
64,105.37,2016-05-03
47,328.02,2016-05-03
37,300.1,2016-05-03
92,103.49,2016-05-03
129,467.86,2016-05-03
28,270.09,2016-05-03
32,276.29,2016-05-03
72,83.44,2016-05-03
45,242.95,2016-05-03
18,114.86,2016-05-03
16,86.5,2016-05-03
86,70.79,2016-05-03
81,65.88,2016-05-03
30,220.92,2016-05-03
126,443.81,2016-05-03
122,418.38,2016-05-03
56,83.17,2016-05-03
8,94.99,2016-05-03
42,268.0,2016-05-03
23,117.1,2016-05-03
50,69.38,2016-05-03
9,82.99,2016-05-03
54,82.7,2016-05-03
97,149.78,2016-05-03
111,62.11,2016-05-03
103,143.47,2016-05-03
44,215.27,2016-05-03
4,84.18,2016-05-03
96,133.1,2016-05-03
118,499.7,2016-05-03
112,60.88,2016-05-03
123,482.39,2016-05-03
13,95.83,2016-05-03
115,66.01,2016-05-03
74,104.11,2016-05-03
87,96.48,2016-05-03
66,100.36,2016-05-03
100,163.29,2016-05-03
48,300.38,2016-05-03
27,168.34,2016-05-03
35,245.31,2016-05-03
51,82.69,2016-05-03
49,393.95,2016-05-03
10,109.4,2016-05-03
124,402.85,2016-05-03
59,123.81,2016-05-03
102,130.96,2016-05-03
25,211.54,2016-05-03
2,74.11,2016-05-03
95,102.22,2016-05-03
109,58.53,2016-05-03
15,87.72,2016-05-03
22,122.15,2016-05-03
70,114.54,2016-05-03
79,77.48,2016-05-03
104,91.23,2016-05-03
110,62.04,2016-05-03
99,149.51,2016-05-03
52,116.9,2016-05-03
94,82.47,2016-05-03
128,432.74,2016-05-03
60,84.44,2016-05-03
58,110.79,2016-05-03
91,157.11,2016-05-03
83,61.24,2016-05-03
127,444.89,2016-05-03
46,423.17,2016-05-03
84,92.06,2016-05-03
65,57.29,2016-05-03
17,100.92,2016-05-03
82,52.7,2016-05-03
77,85.27,2016-05-03
90,156.43,2016-05-03
107,68.6,2016-05-03
120,389.0,2016-05-03
113,64.05,2016-05-03
108,65.95,2016-05-03
29,316.53,2016-05-03
71,78.84,2016-05-03
73,75.71,2016-05-03
117,72.2,2016-05-03
101,108.86,2016-05-03
92,98.63,2016-06-07
73,79.6,2016-06-07
68,99.61,2016-06-07
60,82.12,2016-06-07
30,210.01,2016-06-07
103,151.72,2016-06-07
88,222.6,2016-06-07
85,99.12,2016-06-07
116,48.29,2016-06-07
126,433.54,2016-06-07
15,92.27,2016-06-07
121,466.15,2016-06-07
70,119.91,2016-06-07
51,87.53,2016-06-07
87,101.6,2016-06-07
122,402.42,2016-06-07
120,369.81,2016-06-07
118,501.71,2016-06-07
113,61.28,2016-06-07
77,81.64,2016-06-07
5,79.02,2016-06-07
99,149.56,2016-06-07
36,258.8,2016-06-07
52,112.82,2016-06-07
10,105.55,2016-06-07
96,132.09,2016-06-07
59,123.67,2016-06-07
127,433.49,2016-06-07
79,76.14,2016-06-07
107,68.17,2016-06-07
27,168.18,2016-06-07
46,411.43,2016-06-07
110,61.02,2016-06-07
91,152.52,2016-06-07
43,268.87,2016-06-07
26,189.41,2016-06-07
4,86.07,2016-06-07
24,216.77,2016-06-07
47,322.79,2016-06-07
64,110.36,2016-06-07
72,80.75,2016-06-07
83,63.26,2016-06-07
54,83.35,2016-06-07
115,69.63,2016-06-07
38,223.43,2016-06-07
3,76.13,2016-06-07
17,100.83,2016-06-07
69,75.81,2016-06-07
112,62.35,2016-06-07
2,73.43,2016-06-07
9,84.02,2016-06-07
55,85.55,2016-06-07
14,97.95,2016-06-07
28,271.67,2016-06-07
23,117.42,2016-06-07
58,113.76,2016-06-07
40,264.08,2016-06-07
125,599.53,2016-06-07
80,61.15,2016-06-07
62,82.41,2016-06-07
89,172.13,2016-06-07
90,161.03,2016-06-07
22,123.2,2016-06-07
48,305.07,2016-06-07
105,67.31,2016-06-07
11,71.33,2016-06-07
39,236.28,2016-06-07
12,76.99,2016-06-07
114,42.42,2016-06-07
94,82.63,2016-06-07
111,65.17,2016-06-07
44,209.8,2016-06-07
98,154.98,2016-06-07
66,103.69,2016-06-07
86,74.76,2016-06-07
19,108.95,2016-07-05
28,267.99,2016-07-05
96,128.31,2016-07-05
15,92.22,2016-07-05
107,67.38,2016-07-05
50,70.07,2016-07-05
43,266.14,2016-07-05
13,95.93,2016-07-05
77,83.52,2016-07-05
29,307.94,2016-07-05
14,94.68,2016-07-05
82,51.91,2016-07-05
25,205.41,2016-07-05
114,43.32,2016-07-05
58,109.9,2016-07-05
53,98.87,2016-07-05
81,62.87,2016-07-05
64,112.83,2016-07-05
121,460.53,2016-07-05
42,272.07,2016-07-05
9,80.14,2016-07-05
112,64.27,2016-07-05
99,152.88,2016-07-05
80,60.96,2016-07-05
17,99.3,2016-07-05
63,79.2,2016-07-05
90,161.84,2016-07-05
105,66.19,2016-07-05
72,81.65,2016-07-05
59,129.22,2016-07-05
71,81.35,2016-07-05
1,84.61,2016-07-05
126,456.08,2016-07-05
68,102.11,2016-07-05
87,97.19,2016-07-05
111,68.93,2016-07-05
98,160.39,2016-07-05
95,108.15,2016-07-05
122,403.38,2016-07-05
5,80.3,2016-07-05
83,64.55,2016-07-05
67,72.85,2016-07-05
88,224.5,2016-07-05
11,71.26,2016-07-05
119,407.03,2016-07-05
30,209.21,2016-07-05
56,82.39,2016-07-05
97,157.77,2016-07-05
45,232.85,2016-07-05
89,171.74,2016-07-05
22,120.74,2016-07-05
127,433.12,2016-07-05
36,263.9,2016-07-05
100,171.42,2016-07-05
70,124.05,2016-07-05
76,94.78,2016-07-05
12,79.74,2016-07-05
65,54.51,2016-07-05
92,95.96,2016-07-05
24,216.62,2016-07-05
66,106.28,2016-07-05
102,130.0,2016-07-05
42,264.27,2016-08-02
11,71.14,2016-08-02
46,433.06,2016-08-02
72,78.7,2016-08-02
121,455.53,2016-08-02
93,163.6,2016-08-02
34,262.38,2016-08-02
115,70.95,2016-08-02
95,114.58,2016-08-02
80,64.36,2016-08-02
59,124.53,2016-08-02
62,80.99,2016-08-02
84,96.49,2016-08-02
75,79.57,2016-08-02
117,75.74,2016-08-02
28,264.97,2016-08-02
129,464.46,2016-08-02
101,111.73,2016-08-02
23,114.53,2016-08-02
53,96.02,2016-08-02
9,80.51,2016-08-02
118,509.32,2016-08-02
33,282.4,2016-08-02
44,218.39,2016-08-02
106,74.44,2016-08-02
60,83.51,2016-08-02
73,76.21,2016-08-02
113,61.98,2016-08-02
108,63.62,2016-08-02
120,384.51,2016-08-02
125,600.18,2016-08-02
54,85.11,2016-08-02
47,340.94,2016-08-02
112,63.0,2016-08-02
24,219.33,2016-08-02
55,85.02,2016-08-02
32,281.0,2016-08-02
105,66.02,2016-08-02
20,111.58,2016-08-02
83,68.35,2016-08-02
35,257.39,2016-08-02
27,172.58,2016-08-02
13,94.84,2016-08-02
21,109.79,2016-08-02
3,72.75,2016-08-02
114,42.49,2016-08-02
102,124.4,2016-08-02
18,111.45,2016-08-02
12,76.97,2016-08-02
76,93.36,2016-08-02
58,112.33,2016-09-06
91,147.18,2016-09-06
16,87.24,2016-09-06
33,288.63,2016-09-06
18,117.22,2016-09-06
57,127.77,2016-09-06
20,113.89,2016-09-06
42,275.08,2016-09-06
126,466.72,2016-09-06
111,66.32,2016-09-06
62,78.04,2016-09-06
1,86.94,2016-09-06
26,185.99,2016-09-06
106,77.06,2016-09-06
118,513.05,2016-09-06
34,274.48,2016-09-06
100,173.77,2016-09-06
98,166.56,2016-09-06
109,61.54,2016-09-06
12,78.25,2016-09-06
59,130.7,2016-09-06
112,63.29,2016-09-06
67,76.85,2016-09-06
49,397.89,2016-09-06
13,99.61,2016-09-06
72,79.29,2016-09-06
71,79.76,2016-09-06
41,277.48,2016-09-06
52,108.37,2016-09-06
65,53.46,2016-09-06
85,101.39,2016-09-06
78,103.59,2016-09-06
63,82.88,2016-09-06
47,359.98,2016-09-06
103,144.44,2016-09-06
31,242.22,2016-09-06
43,257.76,2016-09-06
86,78.1,2016-09-06
50,71.92,2016-09-06
102,120.48,2016-09-06
127,416.01,2016-09-06
45,232.86,2016-09-06
88,223.01,2016-09-06
22,124.92,2016-10-04
38,226.08,2016-10-04
120,396.64,2016-10-04
27,171.8,2016-10-04
69,79.01,2016-10-04
65,54.57,2016-10-04
63,85.75,2016-10-04
20,115.85,2016-10-04
77,86.28,2016-10-04
93,155.54,2016-10-04
61,94.08,2016-10-04
29,302.77,2016-10-04
58,110.31,2016-10-04
75,80.54,2016-10-04
95,111.34,2016-10-04
67,76.21,2016-10-04
102,114.81,2016-10-04
129,450.52,2016-10-04
40,259.67,2016-10-04
32,289.57,2016-10-04
56,83.92,2016-10-04
89,166.29,2016-10-04
7,84.65,2016-10-04
118,538.59,2016-10-04
5,84.66,2016-10-04
3,70.42,2016-10-04
21,113.3,2016-10-04
117,78.16,2016-10-04
94,84.11,2016-10-04
50,69.1,2016-10-04
85,96.95,2016-10-04
103,146.73,2016-10-04
2,69.93,2016-10-04
110,64.25,2016-10-04
12,82.14,2016-10-04
33,302.28,2016-10-04
13,104.55,2016-10-04
126,483.28,2016-10-04
112,64.4,2016-10-04
55,82.43,2016-10-04
44,226.67,2016-10-04
99,147.13,2016-10-04
122,390.49,2016-10-04
57,126.02,2016-10-04
9,77.56,2016-10-04
72,76.41,2016-10-04
73,78.2,2016-10-04
115,73.58,2016-10-04
113,65.6,2016-10-04
62,78.04,2016-10-04
127,432.43,2016-10-04
68,105.84,2016-10-04
81,61.18,2016-10-04
4,85.27,2016-10-04
25,213.63,2016-10-04
30,212.1,2016-10-04
26,194.49,2016-11-01
106,76.58,2016-11-01
116,47.62,2016-11-01
36,267.12,2016-11-01
78,107.42,2016-11-01
89,162.44,2016-11-01
82,53.52,2016-11-01
10,100.44,2016-11-01
50,66.46,2016-11-01
104,88.04,2016-11-01
25,208.03,2016-11-01
67,74.46,2016-11-01
76,97.29,2016-11-01
40,248.12,2016-11-01
37,298.31,2016-11-01
91,140.65,2016-11-01
72,74.29,2016-11-01
109,61.69,2016-11-01
118,533.54,2016-11-01
65,55.86,2016-11-01
73,82.3,2016-11-01
29,303.63,2016-11-01
110,66.64,2016-11-01
84,98.03,2016-11-01
55,78.89,2016-11-01
48,308.39,2016-11-01
34,286.6,2016-11-01
80,67.57,2016-11-01
23,113.36,2016-11-01
71,80.43,2016-11-01
47,376.61,2016-11-01
39,245.65,2016-11-01
69,76.2,2016-11-01
129,458.38,2016-11-01
95,113.92,2016-11-01
38,224.79,2016-11-01
83,66.31,2016-11-01
124,423.99,2016-11-01
11,72.21,2016-11-01
85,92.88,2016-11-01
97,153.12,2016-11-01
79,75.68,2016-11-01
59,134.39,2016-11-01
20,116.41,2016-11-01
43,255.91,2016-11-01
14,96.08,2016-11-01
15,95.92,2016-11-01
120,418.11,2016-11-01
7,88.36,2016-11-01
77,89.59,2016-11-01
94,80.67,2016-11-01
9,80.63,2016-11-01
62,76.64,2016-11-01
114,43.83,2016-11-01
28,259.04,2016-11-01
1,90.31,2016-11-01
16,87.19,2016-11-01
75,77.92,2016-11-01
42,278.99,2016-12-06
9,80.73,2016-12-06
88,224.88,2016-12-06
17,94.93,2016-12-06
101,116.39,2016-12-06
20,118.27,2016-12-06
23,113.96,2016-12-06
7,87.12,2016-12-06
47,374.39,2016-12-06
37,315.06,2016-12-06
14,100.39,2016-12-06
2,69.01,2016-12-06
95,116.65,2016-12-06
68,105.69,2016-12-06
109,59.8,2016-12-06
82,51.89,2016-12-06
52,103.15,2016-12-06
15,96.71,2016-12-06
3,73.31,2016-12-06
58,109.49,2016-12-06
126,489.07,2016-12-06
5,87.2,2016-12-06
41,269.15,2016-12-06
129,457.8,2016-12-06
127,415.84,2016-12-06
86,74.3,2016-12-06
67,75.23,2016-12-06
78,109.77,2016-12-06
18,117.68,2016-12-06
8,93.87,2016-12-06
103,154.46,2016-12-06
22,122.78,2016-12-06
27,173.77,2016-12-06
38,214.33,2016-12-06
97,154.93,2016-12-06
30,216.78,2016-12-06
24,214.46,2016-12-06
114,46.38,2016-12-06
40,243.64,2016-12-06
108,64.29,2016-12-06
123,464.65,2016-12-06
26,189.57,2016-12-06
73,81.22,2016-12-06
83,66.73,2016-12-06
113,63.37,2016-12-06
79,77.49,2016-12-06
96,126.02,2016-12-06
74,103.78,2016-12-06
16,92.24,2016-12-06
87,92.75,2016-12-06
41,261.71,2017-01-03
96,129.72,2017-01-03
113,65.55,2017-01-03
30,226.76,2017-01-03
101,115.89,2017-01-03
119,409.78,2017-01-03
34,288.59,2017-01-03
38,209.14,2017-01-03
5,86.42,2017-01-03
9,83.01,2017-01-03
56,88.54,2017-01-03
44,234.16,2017-01-03
18,118.63,2017-01-03
111,67.12,2017-01-03
2,68.17,2017-01-03
14,104.75,2017-01-03
61,96.23,2017-01-03
100,184.07,2017-01-03
78,104.39,2017-01-03
71,78.6,2017-01-03
40,237.46,2017-01-03
112,68.06,2017-01-03
8,97.45,2017-01-03
72,70.91,2017-01-03
25,205.99,2017-01-03
35,254.2,2017-01-03
7,86.29,2017-01-03
73,80.1,2017-01-03
65,55.54,2017-01-03
36,281.53,2017-01-03
47,364.46,2017-01-03
57,124.71,2017-01-03
4,85.11,2017-01-03
80,65.45,2017-01-03
123,491.47,2017-01-03
29,319.26,2017-01-03
106,77.22,2017-01-03
103,161.07,2017-01-03
126,516.3,2017-01-03
49,394.86,2017-01-03
48,305.03,2017-01-03
110,65.51,2017-01-03
92,100.17,2017-01-03
81,59.14,2017-01-03
42,287.71,2017-01-03
6,97.84,2017-01-03
104,92.75,2017-01-03
120,417.36,2017-01-03
76,103.11,2017-01-03
63,85.56,2017-01-03
26,196.68,2017-01-03
69,74.57,2017-01-03
37,322.53,2017-01-03
84,100.48,2017-01-03
39,247.07,2017-01-03
121,465.27,2017-01-03
88,225.74,2017-01-03
66,111.48,2017-02-07
29,326.55,2017-02-07
59,128.26,2017-02-07
91,141.64,2017-02-07
10,101.95,2017-02-07
13,109.45,2017-02-07
35,268.12,2017-02-07
112,67.67,2017-02-07
65,58.19,2017-02-07
43,268.17,2017-02-07
87,89.4,2017-02-07
104,96.32,2017-02-07
123,493.42,2017-02-07
78,108.41,2017-02-07
111,69.35,2017-02-07
89,155.33,2017-02-07
5,85.72,2017-02-07
16,95.27,2017-02-07
39,237.53,2017-02-07
19,106.61,2017-02-07
77,86.82,2017-02-07
64,112.67,2017-02-07
126,493.37,2017-02-07
122,380.01,2017-02-07
129,463.26,2017-02-07
8,94.11,2017-02-07
53,95.7,2017-02-07
36,271.87,2017-02-07
60,88.16,2017-02-07
4,83.08,2017-02-07
101,115.4,2017-02-07
32,296.91,2017-02-07
47,367.5,2017-02-07
23,109.02,2017-02-07
96,136.16,2017-02-07
120,438.42,2017-02-07
83,65.05,2017-02-07
98,162.14,2017-02-07
49,412.97,2017-02-07
44,236.17,2017-02-07
74,109.74,2017-02-07
103,168.74,2017-02-07
9,81.47,2017-02-07
11,69.19,2017-02-07
94,78.05,2017-02-07
56,84.74,2017-02-07
26,201.68,2017-02-07
118,526.03,2017-02-07
50,64.44,2017-02-07
24,206.31,2017-02-07
79,75.18,2017-02-07
117,77.12,2017-02-07
48,323.24,2017-02-07
42,304.71,2017-02-07
95,112.02,2017-02-07
114,45.8,2017-02-07
110,67.17,2017-02-07
18,113.38,2017-02-07
21,118.32,2017-02-07
121,465.12,2017-02-07
31,252.14,2017-02-07
22,124.87,2017-02-07
14,110.28,2017-02-07
63,85.74,2017-02-07
28,268.08,2017-02-07
62,76.35,2017-02-07
119,406.35,2017-02-07
124,427.86,2017-02-07
58,112.48,2017-02-07
107,68.53,2017-02-07
105,63.63,2017-02-07
93,161.98,2017-02-07
25,203.17,2017-02-07
69,73.69,2017-02-07
73,83.62,2017-02-07
127,438.16,2017-03-07
6,95.57,2017-03-07
88,220.31,2017-03-07
34,292.03,2017-03-07
12,84.57,2017-03-07
94,80.2,2017-03-07
3,74.96,2017-03-07
64,119.24,2017-03-07
72,69.48,2017-03-07
2,70.75,2017-03-07
117,76.36,2017-03-07
35,278.71,2017-03-07
63,83.77,2017-03-07
9,80.42,2017-03-07
52,100.79,2017-03-07
56,81.36,2017-03-07
97,157.08,2017-03-07
108,67.06,2017-03-07
73,87.21,2017-03-07
89,156.4,2017-03-07
79,72.81,2017-03-07
68,101.52,2017-03-07
59,128.7,2017-03-07
111,71.42,2017-03-07
66,113.4,2017-03-07
15,99.34,2017-03-07
38,220.26,2017-03-07
118,540.56,2017-03-07
82,50.9,2017-03-07
96,130.88,2017-03-07
30,239.55,2017-03-07
40,225.94,2017-03-07
124,426.67,2017-03-07
114,48.28,2017-03-07
5,83.29,2017-03-07
1,91.14,2017-03-07
90,156.48,2017-03-07
106,79.81,2017-03-07
39,241.99,2017-03-07
48,324.15,2017-03-07
42,306.62,2017-03-07
121,467.52,2017-03-07
95,110.69,2017-03-07
54,86.7,2017-03-07
55,76.43,2017-03-07
84,98.47,2017-03-07
30,232.38,2017-04-04
88,217.63,2017-04-04
59,135.52,2017-04-04
32,288.73,2017-04-04
125,602.49,2017-04-04
99,145.1,2017-04-04
17,90.72,2017-04-04
57,129.42,2017-04-04
19,111.24,2017-04-04
128,416.05,2017-04-04
35,278.69,2017-04-04
15,104.76,2017-04-04
123,497.75,2017-04-04
26,195.42,2017-04-04
127,421.29,2017-04-04
25,202.03,2017-04-04
47,358.33,2017-04-04
87,92.12,2017-04-04
3,72.96,2017-04-04
113,64.86,2017-04-04
111,72.23,2017-04-04
93,164.07,2017-04-04
34,295.35,2017-04-04
60,85.08,2017-04-04
6,94.21,2017-04-04
56,81.57,2017-04-04
78,106.91,2017-04-04
121,483.91,2017-04-04
69,72.05,2017-04-04
61,98.1,2017-04-04
82,53.39,2017-04-04
55,78.36,2017-04-04
1,94.18,2017-04-04
126,478.24,2017-04-04
71,77.57,2017-04-04
20,112.75,2017-04-04
98,157.34,2017-04-04
37,331.3,2017-04-04
48,337.3,2017-04-04
85,92.48,2017-04-04
36,262.81,2017-04-04
14,107.86,2017-04-04
44,249.18,2017-04-04
83,65.34,2017-04-04
13,110.87,2017-04-04
67,73.41,2017-04-04
18,116.6,2017-04-04
75,81.12,2017-04-04
107,72.61,2017-04-04
120,433.74,2017-04-04
117,79.0,2017-04-04
2,70.42,2017-04-04
38,232.62,2017-04-04
114,48.6,2017-04-04
40,235.27,2017-04-04
101,121.5,2017-04-04
105,65.37,2017-04-04
106,80.14,2017-04-04
68,106.78,2017-04-04
129,489.36,2017-04-04
41,248.72,2017-04-04
53,97.98,2017-04-04
73,89.63,2017-04-04
100,177.71,2017-04-04
84,99.56,2017-04-04
5,81.66,2017-04-04
96,129.7,2017-04-04
46,454.56,2017-04-04
110,67.7,2017-04-04
90,163.58,2017-04-04
31,245.17,2017-04-04
22,126.9,2017-04-04
104,92.22,2017-04-04
80,67.48,2017-04-04
112,68.51,2017-04-04
11,68.36,2017-04-04
76,101.48,2017-04-04
51,88.17,2017-04-04
118,530.46,2017-04-04
126,480.69,2017-05-02
17,90.15,2017-05-02
37,325.26,2017-05-02
104,95.15,2017-05-02
107,76.05,2017-05-02
21,124.4,2017-05-02
111,72.8,2017-05-02
13,116.95,2017-05-02
35,269.89,2017-05-02
3,76.18,2017-05-02
92,97.58,2017-05-02
101,120.91,2017-05-02
61,98.8,2017-05-02
124,434.16,2017-05-02
45,242.18,2017-05-02
44,243.68,2017-05-02
103,160.72,2017-05-02
49,424.29,2017-05-02
9,85.02,2017-05-02
57,134.64,2017-05-02
8,89.53,2017-05-02
102,119.53,2017-05-02
91,137.18,2017-05-02
73,90.14,2017-05-02
11,71.43,2017-05-02
74,116.18,2017-05-02
99,153.54,2017-05-02
93,163.66,2017-05-02
79,73.16,2017-05-02
98,152.53,2017-05-02
43,263.35,2017-05-02
110,66.42,2017-05-02
112,68.7,2017-05-02
27,169.98,2017-05-02
60,85.39,2017-05-02
59,133.97,2017-05-02
95,106.48,2017-05-02
77,87.44,2017-05-02
108,70.85,2017-05-02
51,93.29,2017-05-02
6,90.63,2017-05-02
5,82.02,2017-05-02
63,88.78,2017-05-02
81,59.99,2017-05-02
62,76.97,2017-05-02
83,67.11,2017-05-02
55,79.72,2017-05-02
116,49.76,2017-05-02
48,324.41,2017-05-02
28,271.87,2017-05-02
24,207.18,2017-05-02
7,83.5,2017-05-02
14,113.71,2017-05-02
70,125.89,2017-05-02
67,76.2,2017-05-02
87,91.81,2017-05-02
97,160.78,2017-05-02
76,96.89,2017-05-02
