ProductoID,NuevoPrecio,FechaMod
0,58.02,2012-05-07
1,62.89,2012-05-07
2,59.91,2012-05-07
3,61.48,2012-05-07
4,63.18,2012-05-07
5,59.48,2012-05-07
6,63.22,2012-05-07
7,76.74,2012-05-07
8,83.18,2012-05-07
9,81.28,2012-05-07
10,76.03,2012-05-07
11,77.29,2012-05-07
12,84.09,2012-05-07
13,76.92,2012-05-07
14,91.78,2012-05-07
15,90.74,2012-05-07
16,94.33,2012-05-07
17,89.96,2012-05-07
18,92.42,2012-05-07
19,93.38,2012-05-07
20,99.24,2012-05-07
21,97.04,2012-05-07
22,99.4,2012-05-07
23,104.4,2012-05-07
24,99.92,2012-05-07
25,188.2,2012-05-07
26,185.07,2012-05-07
27,193.89,2012-05-07
28,182.49,2012-05-07
29,192.75,2012-05-07
30,177.82,2012-05-07
31,190.14,2012-05-07
32,229.39,2012-05-07
33,222.17,2012-05-07
34,209.6,2012-05-07
35,228.82,2012-05-07
36,261.52,2012-05-07
37,243.94,2012-05-07
38,264.06,2012-05-07
39,262.88,2012-05-07
40,253.58,2012-05-07
41,237.69,2012-05-07
42,228.13,2012-05-07
43,230.64,2012-05-07
44,232.86,2012-05-07
45,312.37,2012-05-07
46,318.82,2012-05-07
47,326.31,2012-05-07
48,304.42,2012-05-07
49,85.4,2012-05-07
50,78.02,2012-05-07
51,81.82,2012-05-07
52,81.14,2012-05-07
53,84.3,2012-05-07
54,95.03,2012-05-07
55,105.53,2012-05-07
56,102.56,2012-05-07
57,101.73,2012-05-07
58,73.46,2012-05-07
59,77.81,2012-05-07
60,77.22,2012-05-07
61,75.9,2012-05-07
62,79.69,2012-05-07
63,86.1,2012-05-07
64,88.85,2012-05-07
65,93.11,2012-05-07
66,89.74,2012-05-07
67,91.51,2012-05-07
68,88.36,2012-05-07
69,73.58,2012-05-07
70,76.76,2012-05-07
71,77.01,2012-05-07
72,79.79,2012-05-07
73,73.71,2012-05-07
74,80.44,2012-05-07
75,63.03,2012-05-07
76,62.37,2012-05-07
77,64.56,2012-05-07
78,64.59,2012-05-07
79,60.75,2012-05-07
80,58.02,2012-05-07
81,73.72,2012-05-07
82,74.29,2012-05-07
83,77.43,2012-05-07
84,77.33,2012-05-07
85,77.35,2012-05-07
86,142.51,2012-05-07
87,138.5,2012-05-07
88,139.32,2012-05-07
89,146.12,2012-05-07
90,94.95,2012-05-07
91,101.09,2012-05-07
92,96.66,2012-05-07
93,105.48,2012-05-07
94,105.89,2012-05-07
95,98.41,2012-05-07
96,105.08,2012-05-07
97,124.97,2012-05-07
98,120.72,2012-05-07
99,116.7,2012-05-07
100,119.33,2012-05-07
101,115.28,2012-05-07
102,61.13,2012-05-07
103,57.29,2012-05-07
104,57.61,2012-05-07
105,61.12,2012-05-07
106,60.11,2012-05-07
107,63.14,2012-05-07
108,62.19,2012-05-07
109,49.25,2012-05-07
110,47.68,2012-05-07
111,52.01,2012-05-07
112,49.32,2012-05-07
113,414.55,2012-05-07
114,387.98,2012-05-07
115,415.94,2012-05-07
116,403.81,2012-05-07
117,389.33,2012-05-07
118,418.75,2012-05-07
119,407.42,2012-05-07
120,434.9,2012-05-07
121,418.85,2012-05-07
122,442.22,2012-05-07
123,404.32,2012-05-07
124,421.49,2012-05-07
125,412.38,2012-05-07
84,79.1,2012-06-05
96,102.24,2012-06-05
19,91.05,2012-06-05
95,106.29,2012-06-05
99,116.25,2012-06-05
17,97.45,2012-06-05
115,372.56,2012-06-05
2,63.18,2012-06-05
107,58.02,2012-06-05
33,243.03,2012-06-05
114,400.33,2012-06-05
41,265.37,2012-06-05
82,70.91,2012-06-05
71,76.05,2012-06-05
60,81.7,2012-06-05
6,60.2,2012-06-05
1,56.38,2012-06-05
68,91.14,2012-06-05
111,47.32,2012-06-05
31,170.25,2012-06-05
121,445.15,2012-06-05
98,125.63,2012-06-05
108,63.06,2012-06-05
50,83.96,2012-06-05
28,199.1,2012-06-05
35,202.4,2012-06-05
112,49.45,2012-06-05
44,229.63,2012-06-05
101,117.18,2012-06-05
126,436.83,2012-06-05
118,381.55,2012-06-05
102,118.76,2012-06-05
94,105.8,2012-06-05
97,106.09,2012-06-05
59,76.25,2012-06-05
58,97.79,2012-06-05
103,58.21,2012-06-05
74,74.12,2012-06-05
30,192.38,2012-06-05
42,247.07,2012-06-05
38,253.89,2012-06-05
80,59.33,2012-06-05
70,75.17,2012-06-05
100,113.81,2012-06-05
76,64.47,2012-06-05
13,82.99,2012-06-05
86,76.03,2012-06-05
3,59.48,2012-06-05
87,144.78,2012-06-05
119,421.09,2012-06-05
105,58.17,2012-06-05
45,224.3,2012-06-05
34,223.08,2012-06-05
123,462.16,2012-06-05
39,263.3,2012-06-05
10,80.98,2012-06-05
46,323.21,2012-06-05
36,236.35,2012-06-05
113,49.94,2012-06-05
61,77.28,2012-06-05
73,84.44,2012-06-05
81,55.48,2012-06-05
125,415.11,2012-06-05
24,108.53,2012-06-05
91,95.23,2012-06-05
32,200.09,2012-06-05
9,85.0,2012-06-05
92,96.29,2012-06-05
62,76.24,2012-06-05
29,184.77,2012-06-05
88,139.98,2012-06-05
20,89.6,2012-06-05
93,92.7,2012-06-05
66,98.46,2012-06-05
43,223.68,2012-07-03
42,250.52,2012-07-03
2,60.32,2012-07-03
112,47.88,2012-07-03
36,226.66,2012-07-03
59,76.23,2012-07-03
39,260.32,2012-07-03
91,98.31,2012-07-03
123,470.71,2012-07-03
114,383.55,2012-07-03
45,214.97,2012-07-03
38,255.38,2012-07-03
66,102.75,2012-07-03
8,75.24,2012-07-03
115,392.63,2012-07-03
87,144.75,2012-07-03
4,59.4,2012-07-03
25,102.57,2012-07-03
71,76.36,2012-07-03
62,77.12,2012-07-03
33,247.45,2012-07-03
122,410.58,2012-07-03
78,64.6,2012-07-03
51,77.8,2012-07-03
74,73.17,2012-07-03
117,395.96,2012-07-03
50,80.14,2012-07-03
12,76.76,2012-07-03
7,63.8,2012-07-03
55,98.37,2012-07-03
11,78.09,2012-07-03
124,391.53,2012-07-03
29,193.8,2012-07-03
99,122.85,2012-07-03
61,80.43,2012-07-03
126,423.53,2012-07-03
82,69.12,2012-07-03
16,87.38,2012-07-03
119,414.86,2012-07-03
26,196.75,2012-07-03
41,273.34,2012-07-03
1,59.25,2012-07-03
13,86.61,2012-07-03
77,59.39,2012-07-03
69,91.82,2012-07-03
23,103.92,2012-07-03
56,103.72,2012-07-03
94,101.98,2012-08-07
123,495.34,2012-08-07
75,80.01,2012-08-07
114,389.54,2012-08-07
12,73.12,2012-08-07
57,100.17,2012-08-07
102,124.21,2012-08-07
37,275.01,2012-08-07
120,416.48,2012-08-07
23,102.88,2012-08-07
86,73.77,2012-08-07
36,232.28,2012-08-07
70,72.06,2012-08-07
51,77.62,2012-08-07
35,198.47,2012-08-07
95,108.47,2012-08-07
87,144.02,2012-08-07
119,404.85,2012-08-07
113,52.53,2012-08-07
62,80.0,2012-08-07
44,222.23,2012-08-07
43,233.16,2012-08-07
74,75.19,2012-08-07
104,59.52,2012-08-07
47,308.7,2012-08-07
32,200.27,2012-08-07
46,310.15,2012-08-07
98,130.0,2012-08-07
73,86.31,2012-08-07
80,62.27,2012-08-07
97,108.28,2012-08-07
4,57.1,2012-08-07
13,85.24,2012-08-07
54,87.59,2012-08-07
106,61.55,2012-08-07
17,100.67,2012-08-07
9,88.89,2012-08-07
89,143.62,2012-08-07
7,62.58,2012-08-07
124,393.63,2012-08-07
52,82.32,2012-08-07
115,395.29,2012-08-07
29,191.43,2012-08-07
108,62.09,2012-08-07
22,94.63,2012-08-07
26,200.69,2012-08-07
81,57.06,2012-08-07
49,307.6,2012-08-07
28,210.52,2012-08-07
68,90.98,2012-08-07
107,55.21,2012-08-07
117,382.62,2012-08-07
60,84.03,2012-08-07
48,325.41,2012-08-07
111,47.63,2012-08-07
1,56.59,2012-08-07
21,100.34,2012-08-07
58,103.21,2012-08-07
112,47.0,2012-08-07
25,107.91,2012-08-07
88,142.51,2012-08-07
19,93.32,2012-08-07
69,90.84,2012-08-07
85,73.64,2012-08-07
91,100.62,2012-09-04
110,46.79,2012-09-04
20,93.84,2012-09-04
118,388.21,2012-09-04
114,392.75,2012-09-04
3,57.19,2012-09-04
63,83.04,2012-09-04
47,310.61,2012-09-04
41,284.43,2012-09-04
19,89.05,2012-09-04
120,402.92,2012-09-04
68,92.83,2012-09-04
29,182.31,2012-09-04
112,48.65,2012-09-04
38,252.32,2012-09-04
22,90.63,2012-09-04
21,105.57,2012-09-04
85,76.86,2012-09-04
73,84.4,2012-09-04
103,60.7,2012-09-04
69,95.19,2012-09-04
15,89.41,2012-09-04
62,80.21,2012-09-04
5,60.46,2012-09-04
107,55.5,2012-09-04
31,176.67,2012-09-04
100,119.91,2012-09-04
90,153.81,2012-09-04
77,56.51,2012-09-04
96,100.5,2012-09-04
50,84.09,2012-09-04
11,79.04,2012-09-04
7,62.28,2012-09-04
30,189.21,2012-09-04
10,82.79,2012-09-04
97,109.18,2012-09-04
54,92.42,2012-09-04
48,324.15,2012-09-04
125,399.18,2012-09-04
104,60.95,2012-09-04
117,397.19,2012-09-04
12,70.32,2012-09-04
105,56.29,2012-09-04
102,130.02,2012-09-04
93,94.56,2012-09-04
116,416.56,2012-09-04
28,216.66,2012-09-04
13,83.2,2012-09-04
123,519.59,2012-09-04
2,57.5,2012-09-04
40,251.64,2012-09-04
70,72.81,2012-10-02
75,84.11,2012-10-02
37,273.69,2012-10-02
112,49.66,2012-10-02
64,85.4,2012-10-02
52,80.15,2012-10-02
5,62.94,2012-10-02
125,412.94,2012-10-02
118,394.41,2012-10-02
31,174.99,2012-10-02
65,84.9,2012-10-02
16,92.6,2012-10-02
106,63.72,2012-10-02
33,252.5,2012-10-02
116,423.65,2012-10-02
74,79.03,2012-10-02
2,58.08,2012-10-02
38,256.37,2012-10-02
80,59.6,2012-10-02
54,91.34,2012-10-02
8,75.04,2012-10-02
122,390.88,2012-10-02
24,107.9,2012-10-02
94,99.35,2012-10-02
36,227.51,2012-10-02
45,207.42,2012-10-02
73,88.02,2012-10-02
87,141.79,2012-10-02
20,95.73,2012-10-02
81,56.36,2012-10-02
120,384.65,2012-10-02
35,196.17,2012-10-02
82,65.67,2012-10-02
22,90.32,2012-10-02
27,181.96,2012-10-02
79,67.52,2012-10-02
91,96.46,2012-10-02
58,101.92,2012-10-02
49,299.19,2012-10-02
3,60.34,2012-10-02
114,381.96,2012-10-02
17,99.52,2012-10-02
123,500.73,2012-10-02
51,76.47,2012-10-02
66,98.72,2012-10-02
44,232.37,2012-10-02
100,115.15,2012-10-02
99,117.98,2012-10-02
110,49.03,2012-10-02
108,64.37,2012-10-02
19,88.14,2012-10-02
107,55.5,2012-10-02
83,71.79,2012-10-02
97,109.95,2012-10-02
23,104.84,2012-10-02
92,97.81,2012-10-02
78,65.64,2012-10-02
28,208.69,2012-10-02
4,57.91,2012-10-02
89,137.3,2012-10-02
55,103.78,2012-10-02
104,57.94,2012-10-02
101,115.93,2012-10-02
32,207.37,2012-10-02
108,67.16,2012-11-06
14,78.82,2012-11-06
28,208.03,2012-11-06
25,107.85,2012-11-06
36,228.82,2012-11-06
57,98.45,2012-11-06
86,71.26,2012-11-06
79,69.7,2012-11-06
20,94.56,2012-11-06
80,57.03,2012-11-06
55,103.79,2012-11-06
76,66.14,2012-11-06
122,393.93,2012-11-06
62,76.59,2012-11-06
23,101.98,2012-11-06
37,265.29,2012-11-06
74,80.29,2012-11-06
109,60.05,2012-11-06
2,57.26,2012-11-06
119,385.24,2012-11-06
39,262.13,2012-11-06
34,226.89,2012-11-06
50,81.43,2012-11-06
87,143.59,2012-11-06
115,409.05,2012-11-06
118,415.13,2012-11-06
19,87.33,2012-11-06
75,82.01,2012-11-06
18,87.33,2012-11-06
121,468.91,2012-11-06
117,391.31,2012-11-06
73,89.18,2012-11-06
103,62.71,2012-11-06
88,145.63,2012-11-06
125,410.84,2012-11-06
113,52.56,2012-11-06
46,325.29,2012-11-06
120,384.98,2012-11-06
35,198.69,2012-11-06
6,63.6,2012-11-06
1,58.4,2012-11-06
97,110.3,2012-11-06
69,92.52,2012-11-06
67,92.57,2012-11-06
40,248.96,2012-11-06
84,78.48,2012-11-06
92,103.4,2012-11-06
70,73.28,2012-11-06
68,88.71,2012-11-06
126,429.83,2012-11-06
91,99.74,2012-11-06
111,46.28,2012-11-06
45,215.38,2012-11-06
77,56.63,2012-11-06
116,435.07,2012-11-06
124,399.28,2012-11-06
48,311.27,2012-11-06
24,109.49,2012-11-06
89,137.05,2012-11-06
5,65.12,2012-11-06
29,175.17,2012-11-06
11,78.96,2012-11-06
31,183.57,2012-11-06
38,255.31,2012-11-06
21,105.88,2012-11-06
82,67.16,2012-11-06
58,98.6,2012-11-06
112,49.26,2012-11-06
81,56.16,2012-11-06
102,137.72,2012-11-06
56,103.21,2012-11-06
47,298.69,2012-11-06
59,76.01,2012-11-06
72,77.41,2012-11-06
13,80.6,2012-11-06
13,79.06,2012-12-04
122,378.79,2012-12-04
47,308.7,2012-12-04
93,100.04,2012-12-04
33,242.54,2012-12-04
92,101.02,2012-12-04
68,85.41,2012-12-04
101,116.34,2012-12-04
8,75.16,2012-12-04
21,101.35,2012-12-04
15,92.95,2012-12-04
24,106.98,2012-12-04
42,261.23,2012-12-04
29,176.09,2012-12-04
58,98.35,2012-12-04
19,87.9,2012-12-04
54,89.87,2012-12-04
1,61.66,2012-12-04
62,75.05,2012-12-04
7,59.4,2012-12-04
39,259.8,2012-12-04
3,61.88,2012-12-04
114,376.19,2012-12-04
52,77.67,2012-12-04
41,273.11,2012-12-04
125,418.07,2012-12-04
106,65.75,2012-12-04
49,287.88,2012-12-04
123,529.62,2012-12-04
30,182.48,2012-12-04
20,96.07,2012-12-04
88,141.74,2012-12-04
61,82.84,2012-12-04
45,217.82,2012-12-04
27,183.7,2012-12-04
126,417.19,2012-12-04
82,64.07,2012-12-04
31,193.09,2012-12-04
14,80.8,2012-12-04
103,66.02,2012-12-04
107,56.83,2012-12-04
25,104.84,2012-12-04
113,52.79,2012-12-04
16,93.42,2012-12-04
94,105.15,2012-12-04
111,45.36,2012-12-04
34,222.06,2012-12-04
56,108.68,2012-12-04
38,252.76,2012-12-04
120,383.51,2012-12-04
71,80.71,2012-12-04
59,76.89,2012-12-04
44,237.85,2012-12-04
124,387.37,2012-12-04
43,242.23,2012-12-04
81,54.55,2012-12-04
2,57.73,2012-12-04
79,70.23,2012-12-04
116,459.86,2012-12-04
90,157.81,2012-12-04
17,103.15,2012-12-04
74,78.75,2012-12-04
46,316.67,2012-12-04
119,384.46,2012-12-04
66,99.75,2012-12-04
99,119.18,2012-12-04
11,80.31,2012-12-04
55,105.0,2012-12-04
96,96.31,2012-12-04
5,64.45,2012-12-04
117,402.83,2012-12-04
75,86.53,2012-12-04
79,73.74,2013-01-01
64,85.34,2013-01-01
52,77.25,2013-01-01
104,60.88,2013-01-01
6,63.83,2013-01-01
101,119.55,2013-01-01
4,55.56,2013-01-01
10,82.45,2013-01-01
89,134.79,2013-01-01
123,507.96,2013-01-01
29,184.24,2013-01-01
103,67.42,2013-01-01
96,94.35,2013-01-01
46,307.77,2013-01-01
98,124.25,2013-01-01
67,89.75,2013-01-01
93,105.38,2013-01-01
3,58.84,2013-01-01
21,103.74,2013-01-01
70,74.64,2013-01-01
78,66.76,2013-01-01
114,376.83,2013-01-01
108,65.33,2013-01-01
27,191.59,2013-01-01
109,60.95,2013-01-01
117,395.43,2013-01-01
58,101.16,2013-01-01
99,120.71,2013-01-01
18,87.1,2013-01-01
15,90.57,2013-01-01
66,98.67,2013-01-01
55,100.3,2013-01-01
8,73.81,2013-01-01
33,246.57,2013-01-01
11,83.0,2013-01-01
112,49.44,2013-01-01
45,228.46,2013-01-01
80,59.1,2013-01-01
75,90.99,2013-01-01
9,87.04,2013-01-01
43,255.04,2013-01-01
122,380.15,2013-01-01
115,412.28,2013-01-01
95,111.54,2013-01-01
73,92.99,2013-01-01
30,176.93,2013-01-01
77,55.78,2013-01-01
39,259.68,2013-01-01
124,371.98,2013-01-01
92,102.2,2013-01-01
83,71.55,2013-01-01
36,233.04,2013-01-01
125,417.96,2013-01-01
53,82.58,2013-01-01
111,46.26,2013-01-01
37,258.39,2013-01-01
51,79.17,2013-01-01
90,158.71,2013-01-01
20,99.95,2013-01-01
69,94.17,2013-01-01
13,81.53,2013-01-01
31,186.64,2013-01-01
72,80.06,2013-01-01
48,300.5,2013-01-01
40,261.58,2013-01-01
35,198.54,2013-01-01
24,109.32,2013-01-01
42,269.77,2013-01-01
85,81.17,2013-01-01
113,52.84,2013-01-01
121,486.74,2013-01-01
54,88.97,2013-01-01
116,452.25,2013-01-01
105,59.32,2013-01-01
88,139.07,2013-01-01
62,77.81,2013-01-01
119,377.86,2013-01-01
7,57.25,2013-01-01
2,59.94,2013-01-01
117,415.2,2013-02-05
46,321.0,2013-02-05
76,64.1,2013-02-05
61,83.03,2013-02-05
93,109.69,2013-02-05
116,471.77,2013-02-05
102,139.75,2013-02-05
118,421.94,2013-02-05
16,92.08,2013-02-05
17,105.92,2013-02-05
124,378.27,2013-02-05
87,142.3,2013-02-05
62,75.33,2013-02-05
41,286.48,2013-02-05
67,92.63,2013-02-05
64,88.51,2013-02-05
114,384.79,2013-02-05
21,109.94,2013-02-05
126,433.25,2013-02-05
35,203.34,2013-02-05
36,245.6,2013-02-05
59,76.54,2013-02-05
68,90.45,2013-02-05
37,246.74,2013-02-05
100,119.11,2013-02-05
106,63.62,2013-02-05
60,80.59,2013-02-05
11,86.0,2013-02-05
66,104.04,2013-02-05
86,74.48,2013-02-05
1,60.18,2013-02-05
18,89.03,2013-02-05
63,84.23,2013-02-05
45,239.76,2013-02-05
103,71.19,2013-02-05
58,101.84,2013-02-05
54,94.08,2013-02-05
56,105.85,2013-02-05
13,81.81,2013-02-05
105,58.17,2013-02-05
31,189.87,2013-02-05
50,84.34,2013-02-05
2,58.9,2013-02-05
79,71.8,2013-02-05
115,424.86,2013-02-05
80,60.62,2013-02-05
25,101.0,2013-02-05
119,383.03,2013-02-05
113,53.19,2013-02-05
84,79.01,2013-02-05
6,66.22,2013-02-05
81,55.68,2013-02-05
65,88.39,2013-02-05
88,144.22,2013-02-05
111,46.97,2013-02-05
40,260.85,2013-02-05
97,113.9,2013-02-05
85,77.76,2013-02-05
77,55.77,2013-02-05
112,50.99,2013-02-05
34,211.66,2013-02-05
91,103.61,2013-02-05
30,177.74,2013-02-05
32,199.55,2013-02-05
122,384.8,2013-02-05
38,247.32,2013-02-05
43,242.81,2013-02-05
82,63.49,2013-02-05
49,293.01,2013-02-05
3,57.79,2013-02-05
52,75.2,2013-02-05
78,67.22,2013-02-05
5,61.65,2013-02-05
15,86.4,2013-02-05
7,57.74,2013-02-05
71,80.75,2013-02-05
20,102.39,2013-02-05
95,112.91,2013-02-05
99,116.12,2013-02-05
121,478.16,2013-02-05
90,159.77,2013-02-05
98,122.26,2013-02-05
125,436.51,2013-03-05
70,76.17,2013-03-05
120,368.8,2013-03-05
45,245.59,2013-03-05
30,172.52,2013-03-05
1,58.87,2013-03-05
74,75.25,2013-03-05
99,113.61,2013-03-05
64,89.21,2013-03-05
63,82.44,2013-03-05
118,422.91,2013-03-05
20,101.24,2013-03-05
15,91.36,2013-03-05
93,114.06,2013-03-05
90,166.63,2013-03-05
36,236.49,2013-03-05
83,68.44,2013-03-05
14,78.07,2013-03-05
34,213.71,2013-03-05
6,68.92,2013-03-05
33,239.33,2013-03-05
65,84.1,2013-03-05
67,93.52,2013-03-05
22,94.1,2013-03-05
42,284.33,2013-03-05
85,76.47,2013-03-05
72,80.49,2013-03-05
28,202.45,2013-03-05
60,81.67,2013-03-05
5,60.09,2013-03-05
11,83.76,2013-03-05
80,63.04,2013-03-05
57,95.15,2013-03-05
109,63.91,2013-03-05
35,215.53,2013-03-05
39,269.9,2013-03-05
3,55.42,2013-03-05
117,395.81,2013-03-05
66,109.74,2013-03-05
62,78.46,2013-03-05
112,49.12,2013-03-05
46,324.59,2013-03-05
21,106.06,2013-03-05
79,69.98,2013-03-05
29,175.06,2013-03-05
88,140.7,2013-03-05
78,66.91,2013-03-05
76,64.31,2013-03-05
96,94.04,2013-03-05
8,75.81,2013-03-05
17,111.64,2013-04-02
68,94.04,2013-04-02
107,58.45,2013-04-02
81,55.12,2013-04-02
104,58.14,2013-04-02
78,70.54,2013-04-02
70,78.27,2013-04-02
100,123.24,2013-04-02
101,114.11,2013-04-02
80,61.92,2013-04-02
41,284.09,2013-04-02
86,70.89,2013-04-02
65,84.56,2013-04-02
62,78.23,2013-04-02
90,172.08,2013-04-02
35,225.88,2013-04-02
20,101.28,2013-04-02
115,428.05,2013-04-02
38,247.76,2013-04-02
29,172.17,2013-04-02
48,296.4,2013-04-02
74,75.47,2013-04-02
11,88.31,2013-04-02
77,56.11,2013-04-02
82,63.89,2013-04-02
66,113.24,2013-04-02
71,82.9,2013-04-02
49,290.59,2013-04-02
91,102.99,2013-04-02
58,98.39,2013-04-02
61,79.6,2013-04-02
26,200.05,2013-04-02
31,193.69,2013-04-02
30,168.48,2013-04-02
43,251.93,2013-04-02
15,90.68,2013-04-02
42,289.65,2013-04-02
19,89.96,2013-04-02
99,113.95,2013-04-02
47,298.61,2013-04-02
73,92.45,2013-04-02
109,65.51,2013-04-02
53,81.97,2013-04-02
84,81.95,2013-04-02
97,115.79,2013-04-02
121,500.42,2013-04-02
57,92.34,2013-04-02
13,82.26,2013-04-02
24,112.71,2013-04-02
89,135.58,2013-04-02
51,79.38,2013-04-02
1,61.77,2013-04-02
8,76.84,2013-04-02
119,383.33,2013-04-02
12,68.65,2013-04-02
55,106.06,2013-04-02
120,353.79,2013-04-02
110,50.04,2013-04-02
87,150.44,2013-04-02
108,65.63,2013-04-02
16,92.84,2013-04-02
122,396.33,2013-04-02
25,106.95,2013-04-02
21,102.72,2013-04-02
18,88.33,2013-04-02
94,108.48,2013-04-02
52,74.33,2013-04-02
39,264.23,2013-04-02
3,58.57,2013-04-02
117,398.22,2013-04-02
23,108.0,2013-04-02
4,55.31,2013-04-02
67,94.01,2013-04-02
102,145.2,2013-04-02
98,116.34,2013-05-07
94,111.74,2013-05-07
9,88.23,2013-05-07
70,74.98,2013-05-07
44,239.25,2013-05-07
95,111.47,2013-05-07
30,163.88,2013-05-07
89,132.59,2013-05-07
74,72.66,2013-05-07
66,112.48,2013-05-07
73,89.34,2013-05-07
42,306.69,2013-05-07
28,210.31,2013-05-07
99,110.22,2013-05-07
116,479.64,2013-05-07
75,92.9,2013-05-07
92,100.45,2013-05-07
78,69.74,2013-05-07
21,103.36,2013-05-07
53,83.63,2013-05-07
14,79.87,2013-05-07
109,67.76,2013-05-07
126,458.53,2013-05-07
81,57.93,2013-05-07
32,202.72,2013-05-07
122,410.58,2013-05-07
82,64.2,2013-05-07
63,85.04,2013-05-07
15,88.13,2013-05-07
19,88.32,2013-05-07
110,51.27,2013-05-07
101,117.11,2013-05-07
64,89.15,2013-05-07
93,112.51,2013-05-07
45,252.07,2013-05-07
77,54.05,2013-05-07
121,504.51,2013-05-07
27,196.42,2013-05-07
3,58.94,2013-05-07
84,85.24,2013-05-07
31,198.26,2013-05-07
115,421.98,2013-05-07
49,289.8,2013-05-07
60,80.17,2013-05-07
38,258.48,2013-05-07
54,94.24,2013-05-07
120,367.89,2013-05-07
40,258.58,2013-05-07
36,247.16,2013-05-07
102,151.01,2013-05-07
16,97.42,2013-05-07
26,193.82,2013-05-07
96,90.32,2013-05-07
48,310.72,2013-05-07
41,284.47,2013-05-07
62,74.79,2013-05-07
4,54.28,2013-05-07
123,531.62,2013-05-07
69,95.79,2013-05-07
107,60.87,2013-05-07
22,89.64,2013-05-07
88,148.42,2013-05-07
76,63.72,2013-05-07
7,56.65,2013-05-07
106,63.3,2013-05-07
25,105.11,2013-05-07
17,112.57,2013-05-07
87,150.68,2013-05-07
18,86.1,2013-05-07
29,174.05,2013-05-07
2,61.17,2013-05-07
80,62.91,2013-05-07
111,47.19,2013-05-07
90,174.58,2013-05-07
124,369.76,2013-05-07
5,59.25,2013-05-07
33,240.55,2013-05-07
108,68.85,2013-05-07
100,129.59,2013-05-07
119,377.23,2013-05-07
104,59.57,2013-05-07
52,74.82,2013-05-07
43,263.77,2013-05-07
57,94.79,2013-06-04
22,93.06,2013-06-04
16,92.94,2013-06-04
111,46.68,2013-06-04
115,411.89,2013-06-04
26,187.76,2013-06-04
7,58.49,2013-06-04
34,203.42,2013-06-04
56,110.5,2013-06-04
62,76.42,2013-06-04
11,87.64,2013-06-04
44,250.87,2013-06-04
101,120.05,2013-06-04
8,80.07,2013-06-04
81,56.59,2013-06-04
92,103.0,2013-06-04
95,108.95,2013-06-04
124,373.82,2013-06-04
99,114.49,2013-06-04
46,340.41,2013-06-04
64,92.26,2013-06-04
58,101.99,2013-06-04
36,254.05,2013-06-04
15,84.76,2013-06-04
48,327.01,2013-06-04
80,62.89,2013-06-04
126,444.51,2013-06-04
47,313.88,2013-06-04
39,253.8,2013-06-04
88,149.97,2013-06-04
83,68.84,2013-06-04
94,110.77,2013-06-04
107,58.46,2013-06-04
43,273.21,2013-06-04
29,180.94,2013-06-04
38,266.03,2013-06-04
90,177.42,2013-06-04
66,111.7,2013-06-04
65,88.32,2013-06-04
53,80.86,2013-06-04
117,383.96,2013-06-04
27,198.84,2013-06-04
40,262.36,2013-06-04
28,205.81,2013-06-04
68,94.63,2013-06-04
108,65.93,2013-06-04
70,74.9,2013-06-04
118,416.38,2013-06-04
109,67.88,2013-06-04
85,74.65,2013-06-04
72,81.78,2013-06-04
19,84.48,2013-06-04
42,293.03,2013-06-04
32,194.15,2013-06-04
106,62.5,2013-06-04
105,56.95,2013-06-04
33,230.39,2013-06-04
97,122.56,2013-06-04
96,86.25,2013-07-02
37,249.77,2013-07-02
98,110.9,2013-07-02
51,81.59,2013-07-02
65,84.32,2013-07-02
55,103.04,2013-07-02
107,58.06,2013-07-02
52,74.99,2013-07-02
44,247.28,2013-07-02
39,256.19,2013-07-02
62,73.83,2013-07-02
103,75.37,2013-07-02
42,307.16,2013-07-02
33,222.15,2013-07-02
69,92.38,2013-07-02
15,83.54,2013-07-02
122,404.83,2013-07-02
21,100.44,2013-07-02
113,51.26,2013-07-02
84,86.42,2013-07-02
11,87.77,2013-07-02
12,66.31,2013-07-02
17,117.24,2013-07-02
91,105.74,2013-07-02
95,109.07,2013-07-02
1,60.56,2013-07-02
56,114.43,2013-07-02
67,95.77,2013-07-02
82,64.89,2013-07-02
3,58.1,2013-07-02
105,59.75,2013-07-02
53,81.61,2013-07-02
102,157.31,2013-07-02
32,185.5,2013-07-02
24,115.38,2013-07-02
23,112.07,2013-07-02
111,48.12,2013-07-02
8,84.69,2013-07-02
2,64.15,2013-07-02
57,90.53,2013-07-02
60,80.57,2013-07-02
93,115.99,2013-07-02
45,259.14,2013-07-02
58,98.91,2013-07-02
63,82.31,2013-07-02
79,68.15,2013-07-02
94,114.54,2013-07-02
78,72.76,2013-07-02
25,110.61,2013-07-02
86,71.93,2013-07-02
77,55.03,2013-07-02
73,92.33,2013-07-02
49,279.47,2013-07-02
5,58.1,2013-07-02
125,438.47,2013-07-02
124,356.55,2013-07-02
108,68.91,2013-07-02
106,62.16,2013-07-02
97,129.87,2013-07-02
31,201.31,2013-07-02
7,56.87,2013-07-02
123,537.31,2013-07-02
68,90.15,2013-07-02
71,85.17,2013-07-02
40,252.64,2013-07-02
110,53.93,2013-07-02
66,117.29,2013-07-02
47,307.82,2013-07-02
4,56.23,2013-07-02
88,145.57,2013-07-02
120,377.58,2013-07-02
116,497.52,2013-07-02
61,83.87,2013-07-02
59,75.17,2013-07-02
126,438.71,2013-07-02
100,128.63,2013-07-02
34,211.2,2013-07-02
121,513.7,2013-07-02
27,207.97,2013-07-02
50,80.55,2013-08-06
74,76.94,2013-08-06
105,61.44,2013-08-06
9,87.19,2013-08-06
44,255.54,2013-08-06
100,122.39,2013-08-06
43,278.97,2013-08-06
104,57.73,2013-08-06
12,66.26,2013-08-06
85,72.67,2013-08-06
110,53.72,2013-08-06
14,76.35,2013-08-06
36,255.03,2013-08-06
48,340.84,2013-08-06
31,201.99,2013-08-06
24,119.64,2013-08-06
46,340.92,2013-08-06
2,63.89,2013-08-06
106,61.6,2013-08-06
17,114.77,2013-08-06
63,82.3,2013-08-06
59,74.32,2013-08-06
64,97.68,2013-08-06
66,115.5,2013-08-06
54,92.65,2013-08-06
38,275.54,2013-08-06
67,99.97,2013-08-06
11,89.4,2013-08-06
71,85.37,2013-08-06
96,82.14,2013-08-06
102,158.83,2013-08-06
86,75.22,2013-08-06
62,73.98,2013-08-06
34,215.61,2013-08-06
118,428.97,2013-08-06
58,102.46,2013-08-06
60,81.81,2013-08-06
4,56.61,2013-08-06
98,107.27,2013-08-06
18,81.83,2013-08-06
6,71.48,2013-08-06
29,189.84,2013-08-06
28,215.67,2013-08-06
56,119.41,2013-08-06
119,373.39,2013-08-06
92,105.47,2013-08-06
89,135.39,2013-08-06
125,427.34,2013-08-06
1,58.13,2013-08-06
47,310.05,2013-08-06
39,253.04,2013-08-06
94,117.22,2013-08-06
65,81.87,2013-08-06
109,67.15,2013-08-06
26,194.0,2013-08-06
103,75.36,2013-08-06
70,76.11,2013-08-06
72,85.8,2013-08-06
116,523.01,2013-08-06
126,437.58,2013-08-06
59,71.96,2013-09-03
25,115.14,2013-09-03
97,131.86,2013-09-03
106,64.03,2013-09-03
79,70.01,2013-09-03
117,376.73,2013-09-03
1,57.25,2013-09-03
20,101.6,2013-09-03
45,249.8,2013-09-03
31,209.6,2013-09-03
125,448.28,2013-09-03
126,444.72,2013-09-03
17,110.08,2013-09-03
27,216.12,2013-09-03
77,54.64,2013-09-03
74,80.52,2013-09-03
55,97.93,2013-09-03
110,53.07,2013-09-03
38,283.86,2013-09-03
94,117.56,2013-09-03
113,51.56,2013-09-03
86,73.54,2013-09-03
3,61.41,2013-09-03
14,73.21,2013-09-03
72,83.6,2013-09-03
26,197.77,2013-09-03
123,512.43,2013-09-03
112,46.88,2013-09-03
13,80.38,2013-09-03
121,508.91,2013-09-03
102,162.77,2013-09-03
100,125.73,2013-09-03
19,85.3,2013-09-03
91,105.17,2013-09-03
119,357.16,2013-09-03
39,261.74,2013-09-03
64,98.96,2013-09-03
33,214.36,2013-09-03
115,401.62,2013-09-03
4,54.73,2013-09-03
2,66.73,2013-09-03
82,64.84,2013-09-03
44,259.64,2013-09-03
46,353.4,2013-09-03
24,117.67,2013-09-03
69,91.13,2013-10-01
27,217.3,2013-10-01
3,63.65,2013-10-01
59,74.88,2013-10-01
39,248.87,2013-10-01
49,284.13,2013-10-01
6,68.75,2013-10-01
120,361.09,2013-10-01
100,129.95,2013-10-01
121,495.99,2013-10-01
32,183.04,2013-10-01
112,44.94,2013-10-01
42,313.17,2013-10-01
76,62.73,2013-10-01
86,70.87,2013-10-01
21,106.42,2013-10-01
33,205.79,2013-10-01
54,88.93,2013-10-01
65,81.45,2013-10-01
83,67.96,2013-10-01
104,60.47,2013-10-01
2,70.72,2013-10-01
78,72.29,2013-10-01
30,158.69,2013-10-01
18,86.38,2013-10-01
123,487.48,2013-10-01
117,396.61,2013-10-01
126,463.21,2013-10-01
47,306.53,2013-10-01
70,77.16,2013-10-01
115,419.25,2013-10-01
56,125.59,2013-10-01
71,81.4,2013-10-01
103,71.73,2013-10-01
94,115.81,2013-10-01
84,83.73,2013-10-01
80,60.29,2013-10-01
23,116.78,2013-10-01
45,247.78,2013-10-01
61,81.9,2013-10-01
57,90.93,2013-10-01
20,105.31,2013-10-01
114,373.68,2013-10-01
108,69.68,2013-10-01
72,80.83,2013-10-01
64,94.1,2013-10-01
24,123.29,2013-10-01
63,84.12,2013-10-01
15,84.55,2013-10-01
16,97.03,2013-10-01
51,81.45,2013-10-01
52,74.45,2013-10-01
62,77.39,2013-10-01
75,89.97,2013-10-01
8,89.7,2013-10-01
88,153.12,2013-10-01
35,232.16,2013-10-01
40,250.4,2013-10-01
95,107.44,2013-10-01
13,78.5,2013-10-01
53,84.3,2013-10-01
9,84.99,2013-10-01
31,215.05,2013-10-01
91,99.98,2013-10-01
102,161.89,2013-10-01
36,262.21,2013-10-01
43,294.13,2013-10-01
22,95.05,2013-10-01
119,362.71,2013-10-01
26,206.49,2013-10-01
106,67.21,2013-10-01
17,105.52,2013-10-01
111,47.64,2013-10-01
121,482.43,2013-11-05
89,132.76,2013-11-05
65,78.42,2013-11-05
59,72.06,2013-11-05
75,93.47,2013-11-05
25,121.59,2013-11-05
40,258.74,2013-11-05
18,90.45,2013-11-05
116,532.96,2013-11-05
98,111.56,2013-11-05
15,87.58,2013-11-05
55,95.36,2013-11-05
90,173.85,2013-11-05
19,82.39,2013-11-05
8,92.59,2013-11-05
96,86.07,2013-11-05
42,329.81,2013-11-05
122,407.07,2013-11-05
31,219.26,2013-11-05
68,90.34,2013-11-05
20,101.39,2013-11-05
80,62.8,2013-11-05
34,213.94,2013-11-05
120,381.08,2013-11-05
51,81.78,2013-11-05
56,132.11,2013-11-05
46,373.23,2013-11-05
60,80.95,2013-11-05
17,100.43,2013-11-05
1,59.68,2013-11-05
76,61.47,2013-11-05
44,248.13,2013-11-05
41,274.95,2013-11-05
23,117.66,2013-11-05
38,285.34,2013-11-05
5,59.2,2013-11-05
16,102.1,2013-11-05
73,89.71,2013-11-05
35,236.69,2013-11-05
88,152.71,2013-11-05
9,87.22,2013-11-05
114,368.84,2013-11-05
61,78.71,2013-11-05
101,120.32,2013-11-05
113,49.16,2013-11-05
37,245.23,2013-11-05
103,69.37,2013-11-05
91,98.71,2013-11-05
64,95.92,2013-11-05
70,79.77,2013-11-05
117,399.91,2013-11-05
24,117.84,2013-11-05
50,82.39,2013-11-05
105,64.52,2013-11-05
13,77.41,2013-11-05
97,132.51,2013-11-05
43,309.65,2013-11-05
102,165.12,2013-11-05
95,113.39,2013-11-05
119,348.99,2013-11-05
11,91.77,2013-11-05
78,73.33,2013-11-05
82,62.43,2013-11-05
72,82.53,2013-11-05
10,80.65,2013-11-05
88,149.62,2013-12-03
91,103.7,2013-12-03
34,220.68,2013-12-03
63,83.3,2013-12-03
49,300.69,2013-12-03
113,47.19,2013-12-03
33,208.53,2013-12-03
60,77.71,2013-12-03
86,73.1,2013-12-03
109,67.09,2013-12-03
103,72.27,2013-12-03
36,265.96,2013-12-03
43,297.29,2013-12-03
118,414.95,2013-12-03
125,455.24,2013-12-03
52,74.19,2013-12-03
31,229.22,2013-12-03
80,64.03,2013-12-03
57,94.13,2013-12-03
16,100.17,2013-12-03
81,54.25,2013-12-03
64,95.29,2013-12-03
89,139.77,2013-12-03
53,81.48,2013-12-03
90,177.0,2013-12-03
123,488.05,2013-12-03
71,78.94,2013-12-03
55,100.17,2013-12-03
45,241.37,2013-12-03
97,128.62,2013-12-03
22,93.81,2013-12-03
44,238.64,2013-12-03
115,418.01,2013-12-03
98,110.86,2013-12-03
51,78.01,2013-12-03
11,92.25,2013-12-03
78,71.94,2013-12-03
1,58.71,2013-12-03
30,162.11,2013-12-03
32,193.86,2013-12-03
9,91.98,2013-12-03
75,92.2,2013-12-03
66,114.91,2013-12-03
85,75.9,2013-12-03
56,130.03,2013-12-03
23,118.44,2013-12-03
105,62.13,2013-12-03
116,515.91,2013-12-03
95,108.33,2013-12-03
84,81.31,2013-12-03
102,160.85,2013-12-03
19,78.92,2013-12-03
6,67.16,2013-12-03
115,423.5,2014-01-07
2,72.85,2014-01-07
4,54.51,2014-01-07
114,378.57,2014-01-07
49,304.34,2014-01-07
111,45.8,2014-01-07
52,73.73,2014-01-07
54,87.86,2014-01-07
41,284.83,2014-01-07
66,114.93,2014-01-07
84,79.63,2014-01-07
28,219.06,2014-01-07
94,112.33,2014-01-07
20,107.29,2014-01-07
98,109.06,2014-01-07
85,76.97,2014-01-07
61,80.99,2014-01-07
89,137.26,2014-01-07
50,85.08,2014-01-07
120,382.66,2014-01-07
105,64.13,2014-01-07
71,78.24,2014-01-07
21,101.14,2014-01-07
40,251.07,2014-01-07
7,55.21,2014-01-07
35,240.38,2014-01-07
25,121.33,2014-01-07
38,281.99,2014-01-07
83,69.71,2014-01-07
64,100.71,2014-01-07
73,93.13,2014-01-07
117,422.12,2014-01-07
37,259.67,2014-01-07
78,75.66,2014-01-07
34,218.52,2014-01-07
12,67.63,2014-01-07
63,87.1,2014-01-07
99,120.27,2014-01-07
43,300.8,2014-01-07
86,72.44,2014-01-07
8,93.23,2014-01-07
22,95.04,2014-01-07
93,113.82,2014-01-07
42,342.0,2014-01-07
108,70.78,2014-01-07
76,63.85,2014-01-07
29,188.3,2014-01-07
30,156.05,2014-01-07
82,62.22,2014-01-07
32,188.57,2014-01-07
47,312.58,2014-01-07
65,77.4,2014-01-07
18,92.75,2014-01-07
72,84.43,2014-01-07
17,102.54,2014-01-07
16,104.31,2014-01-07
62,74.43,2014-01-07
14,77.23,2014-01-07
112,43.89,2014-01-07
79,67.37,2014-02-04
106,70.44,2014-02-04
60,80.44,2014-02-04
83,68.66,2014-02-04
50,88.41,2014-02-04
31,223.7,2014-02-04
84,82.12,2014-02-04
28,214.63,2014-02-04
124,365.78,2014-02-04
99,126.38,2014-02-04
98,104.92,2014-02-04
111,47.17,2014-02-04
18,94.38,2014-02-04
125,468.65,2014-02-04
35,253.24,2014-02-04
81,54.34,2014-02-04
58,101.73,2014-02-04
88,155.19,2014-02-04
102,163.92,2014-02-04
39,261.19,2014-02-04
36,255.45,2014-02-04
119,357.52,2014-02-04
32,181.89,2014-02-04
109,66.74,2014-02-04
94,111.35,2014-02-04
6,70.69,2014-02-04
96,89.17,2014-02-04
47,329.67,2014-02-04
91,101.27,2014-02-04
69,90.77,2014-02-04
104,58.2,2014-02-04
8,94.57,2014-02-04
120,388.99,2014-02-04
65,74.76,2014-02-04
103,74.88,2014-02-04
2,75.51,2014-02-04
14,75.81,2014-02-04
4,52.58,2014-02-04
44,242.4,2014-02-04
25,117.77,2014-02-04
41,300.7,2014-02-04
57,98.57,2014-02-04
52,75.65,2014-02-04
115,409.09,2014-02-04
55,102.87,2014-02-04
9,95.32,2014-02-04
26,211.45,2014-02-04
63,86.31,2014-02-04
62,70.83,2014-02-04
67,100.13,2014-02-04
30,148.87,2014-02-04
43,292.55,2014-03-04
99,120.07,2014-03-04
2,73.43,2014-03-04
85,73.58,2014-03-04
120,397.82,2014-03-04
106,73.15,2014-03-04
80,67.16,2014-03-04
25,123.74,2014-03-04
61,79.27,2014-03-04
67,100.51,2014-03-04
125,475.24,2014-03-04
55,107.12,2014-03-04
113,45.98,2014-03-04
28,208.82,2014-03-04
83,71.46,2014-03-04
71,82.77,2014-03-04
65,73.79,2014-03-04
107,59.86,2014-03-04
4,54.59,2014-03-04
19,80.94,2014-03-04
33,199.41,2014-03-04
15,83.72,2014-03-04
5,60.18,2014-03-04
63,89.61,2014-03-04
79,70.38,2014-03-04
44,239.43,2014-03-04
93,111.71,2014-03-04
8,91.68,2014-03-04
23,115.33,2014-03-04
50,84.59,2014-03-04
102,170.83,2014-03-04
24,119.22,2014-03-04
69,91.01,2014-03-04
9,98.84,2014-03-04
88,163.85,2014-03-04
109,63.5,2014-03-04
96,86.54,2014-03-04
114,390.34,2014-03-04
94,107.02,2014-03-04
3,66.05,2014-03-04
12,70.59,2014-03-04
47,329.07,2014-03-04
70,81.14,2014-03-04
20,113.61,2014-03-04
48,341.52,2014-03-04
46,370.38,2014-03-04
64,98.03,2014-03-04
74,80.37,2014-03-04
117,418.32,2014-03-04
108,69.74,2014-03-04
35,254.98,2014-03-04
10,77.23,2014-03-04
115,431.08,2014-03-04
58,101.57,2014-03-04
86,72.35,2014-03-04
1,60.28,2014-03-04
90,186.31,2014-03-04
34,217.27,2014-03-04
17,99.1,2014-03-04
54,88.61,2014-04-01
124,360.74,2014-04-01
109,60.98,2014-04-01
8,89.31,2014-04-01
17,98.01,2014-04-01
12,70.59,2014-04-01
18,98.51,2014-04-01
14,73.82,2014-04-01
99,117.13,2014-04-01
38,279.16,2014-04-01
65,77.61,2014-04-01
112,45.3,2014-04-01
74,82.12,2014-04-01
48,337.54,2014-04-01
39,248.43,2014-04-01
105,64.34,2014-04-01
107,58.47,2014-04-01
32,191.53,2014-04-01
26,217.01,2014-04-01
21,98.61,2014-04-01
24,119.58,2014-04-01
19,85.17,2014-04-01
69,87.29,2014-04-01
64,95.51,2014-04-01
63,87.83,2014-04-01
11,92.63,2014-04-01
42,344.6,2014-04-01
25,126.16,2014-04-01
2,76.39,2014-04-01
7,54.06,2014-04-01
100,128.6,2014-04-01
113,44.46,2014-04-01
73,88.53,2014-04-01
117,398.27,2014-04-01
87,154.24,2014-04-01
115,445.57,2014-04-01
103,75.33,2014-04-01
91,103.25,2014-04-01
108,69.14,2014-04-01
102,165.74,2014-04-01
56,129.75,2014-04-01
33,203.49,2014-04-01
49,293.56,2014-04-01
94,113.15,2014-04-01
53,77.45,2014-04-01
120,420.79,2014-04-01
30,143.64,2014-04-01
114,376.02,2014-04-01
44,245.37,2014-04-01
75,91.59,2014-04-01
78,76.9,2014-04-01
60,85.24,2014-04-01
5,62.05,2014-04-01
29,196.05,2014-04-01
88,157.16,2014-04-01
23,113.3,2014-04-01
82,65.45,2014-04-01
35,260.19,2014-04-01
93,112.73,2014-04-01
61,80.9,2014-04-01
71,82.53,2014-04-01
45,232.71,2014-04-01
40,240.14,2014-04-01
119,356.49,2014-04-01
96,89.79,2014-04-01
16,105.79,2014-04-01
43,283.72,2014-04-01
92,109.74,2014-04-01
77,56.21,2014-04-01
85,77.97,2014-04-01
3,65.16,2014-04-01
41,296.12,2014-04-01
37,253.51,2014-04-01
107,57.68,2014-05-06
104,58.94,2014-05-06
124,360.62,2014-05-06
33,209.86,2014-05-06
29,207.71,2014-05-06
16,110.98,2014-05-06
93,107.75,2014-05-06
123,491.07,2014-05-06
69,90.92,2014-05-06
92,110.03,2014-05-06
6,73.54,2014-05-06
32,184.98,2014-05-06
15,82.99,2014-05-06
51,79.65,2014-05-06
73,87.82,2014-05-06
80,66.03,2014-05-06
62,70.91,2014-05-06
17,96.42,2014-05-06
86,71.85,2014-05-06
20,116.81,2014-05-06
99,118.73,2014-05-06
125,466.83,2014-05-06
22,90.92,2014-05-06
102,163.77,2014-05-06
84,86.99,2014-05-06
105,67.45,2014-05-06
39,262.96,2014-05-06
115,467.31,2014-05-06
101,123.96,2014-05-06
10,78.18,2014-05-06
89,131.64,2014-05-06
78,73.67,2014-05-06
64,90.95,2014-05-06
90,180.67,2014-05-06
110,52.9,2014-05-06
50,84.95,2014-05-06
121,465.32,2014-05-06
46,358.5,2014-05-06
26,229.93,2014-05-06
63,84.42,2014-05-06
25,124.78,2014-05-06
41,304.78,2014-05-06
79,70.99,2014-05-06
122,401.51,2014-05-06
1,57.99,2014-05-06
5,60.38,2014-05-06
61,76.95,2014-05-06
9,94.53,2014-05-06
13,80.19,2014-05-06
60,81.1,2014-05-06
59,71.94,2014-05-06
30,152.05,2014-05-06
85,78.57,2014-05-06
113,42.24,2014-05-06
48,353.67,2014-05-06
23,116.9,2014-05-06
4,52.27,2014-05-06
72,80.53,2014-05-06
87,153.8,2014-05-06
55,108.17,2014-05-06
45,234.54,2014-05-06
11,94.5,2014-06-03
81,51.94,2014-06-03
20,117.84,2014-06-03
97,124.88,2014-06-03
103,79.68,2014-06-03
55,106.38,2014-06-03
117,401.25,2014-06-03
49,284.54,2014-06-03
35,260.99,2014-06-03
73,90.0,2014-06-03
67,103.65,2014-06-03
80,67.33,2014-06-03
45,225.43,2014-06-03
2,76.25,2014-06-03
99,118.88,2014-06-03
119,344.96,2014-06-03
23,112.19,2014-06-03
18,94.8,2014-06-03
92,113.0,2014-06-03
114,362.42,2014-06-03
5,59.21,2014-06-03
16,115.16,2014-06-03
118,408.67,2014-06-03
125,459.6,2014-06-03
51,75.77,2014-06-03
109,62.89,2014-06-03
32,188.7,2014-06-03
79,70.07,2014-06-03
41,315.63,2014-06-03
68,89.11,2014-06-03
24,114.89,2014-06-03
8,93.22,2014-06-03
84,85.61,2014-06-03
47,336.31,2014-06-03
124,368.04,2014-06-03
17,97.39,2014-06-03
76,63.59,2014-06-03
33,211.38,2014-06-03
112,45.03,2014-06-03
12,71.39,2014-06-03
44,246.34,2014-06-03
108,66.74,2014-06-03
56,131.33,2014-06-03
58,105.85,2014-06-03
22,94.5,2014-06-03
63,87.87,2014-06-03
14,74.16,2014-06-03
54,85.79,2014-06-03
46,356.16,2014-06-03
85,74.72,2014-06-03
59,74.42,2014-06-03
87,147.33,2014-06-03
19,88.5,2014-06-03
82,65.56,2014-06-03
75,89.16,2014-06-03
107,58.43,2014-06-03
122,414.29,2014-06-03
74,84.34,2014-06-03
62,74.83,2014-06-03
28,199.02,2014-06-03
12,69.8,2014-07-01
102,164.83,2014-07-01
113,44.55,2014-07-01
27,227.61,2014-07-01
122,425.54,2014-07-01
30,160.64,2014-07-01
2,73.1,2014-07-01
121,483.94,2014-07-01
61,78.14,2014-07-01
18,100.2,2014-07-01
64,94.76,2014-07-01
69,90.44,2014-07-01
116,495.25,2014-07-01
1,59.17,2014-07-01
23,111.49,2014-07-01
124,379.8,2014-07-01
51,79.05,2014-07-01
22,96.49,2014-07-01
16,115.22,2014-07-01
36,255.27,2014-07-01
88,165.53,2014-07-01
84,87.59,2014-07-01
15,79.42,2014-07-01
103,79.49,2014-07-01
106,74.62,2014-07-01
125,442.37,2014-07-01
87,147.37,2014-07-01
120,410.25,2014-07-01
90,171.96,2014-07-01
65,77.5,2014-07-01
86,69.17,2014-07-01
11,90.5,2014-07-01
117,417.33,2014-07-01
75,86.34,2014-07-01
9,96.84,2014-07-01
59,74.51,2014-07-01
62,72.28,2014-07-01
76,65.4,2014-07-01
3,63.7,2014-07-01
63,85.06,2014-07-01
47,353.98,2014-07-01
115,468.05,2014-07-01
107,57.22,2014-07-01
7,55.55,2014-07-01
40,240.98,2014-07-01
108,68.26,2014-07-01
91,99.12,2014-07-01
72,84.59,2014-07-01
19,91.83,2014-07-01
33,206.3,2014-07-01
28,208.64,2014-07-01
48,373.88,2014-07-01
111,45.03,2014-07-01
81,52.55,2014-07-01
98,110.45,2014-07-01
56,126.11,2014-07-01
20,113.21,2014-07-01
89,131.63,2014-07-01
52,74.37,2014-07-01
97,126.81,2014-07-01
73,86.59,2014-07-01
44,234.92,2014-07-01
26,239.11,2014-07-01
4,52.61,2014-07-01
43,288.18,2014-07-01
104,56.07,2014-07-01
126,461.33,2014-07-01
80,66.55,2014-07-01
31,221.94,2014-07-01
32,179.58,2014-07-01
10,81.87,2014-07-01
77,56.92,2014-08-05
88,160.49,2014-08-05
34,215.06,2014-08-05
1,61.0,2014-08-05
31,212.25,2014-08-05
86,67.73,2014-08-05
98,108.16,2014-08-05
50,81.58,2014-08-05
104,57.15,2014-08-05
99,117.47,2014-08-05
35,272.85,2014-08-05
20,114.9,2014-08-05
89,127.72,2014-08-05
87,155.77,2014-08-05
76,68.1,2014-08-05
51,75.13,2014-08-05
71,82.3,2014-08-05
90,167.15,2014-08-05
27,220.77,2014-08-05
63,81.45,2014-08-05
72,82.01,2014-08-05
101,129.26,2014-08-05
10,82.98,2014-08-05
93,106.59,2014-08-05
108,67.91,2014-08-05
81,51.58,2014-08-05
49,275.89,2014-08-05
100,134.35,2014-08-05
6,76.05,2014-08-05
109,66.44,2014-08-05
18,103.84,2014-08-05
110,50.76,2014-08-05
94,113.94,2014-08-05
37,242.53,2014-08-05
53,78.49,2014-08-05
15,76.92,2014-08-05
97,125.54,2014-08-05
55,108.04,2014-08-05
38,295.08,2014-08-05
28,204.31,2014-08-05
124,382.29,2014-08-05
25,120.78,2014-08-05
32,173.15,2014-08-05
60,78.71,2014-08-05
79,72.42,2014-08-05
103,77.65,2014-08-05
57,98.57,2014-08-05
54,81.95,2014-08-05
111,45.48,2014-08-05
70,83.5,2014-08-05
21,99.55,2014-08-05
69,87.44,2014-08-05
91,95.48,2014-08-05
66,115.75,2014-08-05
36,262.98,2014-08-05
26,242.51,2014-08-05
122,414.42,2014-08-05
43,274.85,2014-08-05
14,78.3,2014-08-05
42,362.75,2014-08-05
58,105.25,2014-08-05
82,69.03,2014-08-05
46,371.1,2014-08-05
30,168.86,2014-08-05
109,64.05,2014-09-02
103,78.55,2014-09-02
4,52.57,2014-09-02
70,82.0,2014-09-02
10,86.77,2014-09-02
41,328.68,2014-09-02
99,118.68,2014-09-02
11,92.62,2014-09-02
23,109.52,2014-09-02
18,100.52,2014-09-02
106,77.77,2014-09-02
45,234.42,2014-09-02
101,133.8,2014-09-02
66,116.59,2014-09-02
91,96.73,2014-09-02
14,79.89,2014-09-02
114,354.45,2014-09-02
49,289.03,2014-09-02
96,93.47,2014-09-02
111,47.96,2014-09-02
39,264.9,2014-09-02
63,80.06,2014-09-02
115,494.76,2014-09-02
51,75.68,2014-09-02
7,53.21,2014-09-02
16,111.96,2014-09-02
65,74.06,2014-09-02
87,153.15,2014-09-02
30,168.42,2014-09-02
113,44.19,2014-09-02
76,71.41,2014-09-02
105,67.36,2014-09-02
90,164.32,2014-09-02
21,101.98,2014-09-02
124,386.79,2014-09-02
12,71.23,2014-09-02
38,310.81,2014-09-02
84,86.72,2014-09-02
98,103.25,2014-09-02
28,195.13,2014-09-02
62,69.53,2014-09-02
35,272.8,2014-09-02
85,76.14,2014-09-02
97,123.83,2014-09-02
31,202.46,2014-09-02
5,58.48,2014-09-02
58,99.99,2014-09-02
119,328.92,2014-09-02
102,157.46,2014-09-02
112,47.61,2014-09-02
47,339.33,2014-09-02
22,94.18,2014-09-02
20,120.24,2014-09-02
100,134.53,2014-09-02
44,246.45,2014-09-02
24,120.84,2014-09-02
43,284.24,2014-09-02
2,74.6,2014-09-02
86,68.01,2014-09-02
123,509.86,2014-09-02
72,84.63,2014-09-02
107,56.1,2014-09-02
34,215.56,2014-09-02
118,403.72,2014-09-02
110,48.99,2014-09-02
89,131.54,2014-09-02
116,479.19,2014-09-02
82,66.08,2014-09-02
3,62.65,2014-09-02
121,464.46,2014-09-02
8,97.38,2014-09-02
46,378.57,2014-09-02
29,214.21,2014-09-02
60,78.91,2014-09-02
36,264.36,2014-09-02
79,73.36,2014-09-02
83,70.59,2014-09-02
122,412.13,2014-09-02
120,406.87,2014-09-02
54,81.9,2014-09-02
61,82.79,2014-09-02
92,112.09,2014-09-02
18,99.55,2014-10-07
63,80.72,2014-10-07
35,265.67,2014-10-07
36,252.37,2014-10-07
123,509.74,2014-10-07
23,107.24,2014-10-07
69,84.82,2014-10-07
85,78.98,2014-10-07
119,335.73,2014-10-07
51,73.29,2014-10-07
98,108.19,2014-10-07
72,87.4,2014-10-07
17,98.87,2014-10-07
106,82.22,2014-10-07
120,398.21,2014-10-07
86,69.25,2014-10-07
46,388.75,2014-10-07
26,241.92,2014-10-07
5,57.19,2014-10-07
91,101.33,2014-10-07
19,89.81,2014-10-07
118,392.45,2014-10-07
59,72.2,2014-10-07
33,201.32,2014-10-07
116,465.26,2014-10-07
27,228.56,2014-10-07
95,110.3,2014-10-07
78,78.03,2014-10-07
60,80.88,2014-10-07
9,96.41,2014-10-07
20,122.74,2014-10-07
41,338.13,2014-10-07
58,98.62,2014-10-07
124,393.62,2014-10-07
83,68.22,2014-10-07
68,88.82,2014-10-07
15,78.65,2014-10-07
62,72.17,2014-10-07
82,64.87,2014-10-07
31,194.49,2014-10-07
126,442.77,2014-10-07
110,47.14,2014-10-07
77,54.1,2014-10-07
61,85.53,2014-10-07
12,67.98,2014-10-07
4,53.52,2014-10-07
11,91.49,2014-10-07
16,117.94,2014-10-07
79,69.88,2014-10-07
101,132.53,2014-10-07
115,483.23,2014-10-07
13,78.97,2014-10-07
111,46.35,2014-10-07
38,297.45,2014-10-07
3,65.24,2014-10-07
21,106.42,2014-10-07
48,390.59,2014-10-07
40,228.98,2014-10-07
76,69.94,2014-10-07
32,168.55,2014-10-07
104,58.8,2014-10-07
89,138.54,2014-10-07
28,188.05,2014-10-07
39,267.19,2014-10-07
6,74.15,2014-10-07
81,50.62,2014-10-07
100,135.26,2014-10-07
113,43.62,2014-10-07
47,354.78,2014-10-07
116,466.71,2014-11-04
78,75.64,2014-11-04
63,84.58,2014-11-04
109,64.49,2014-11-04
59,74.75,2014-11-04
68,87.94,2014-11-04
99,117.44,2014-11-04
10,83.24,2014-11-04
124,394.97,2014-11-04
71,82.39,2014-11-04
82,63.5,2014-11-04
106,78.45,2014-11-04
74,85.68,2014-11-04
64,95.97,2014-11-04
114,357.5,2014-11-04
49,282.3,2014-11-04
20,125.59,2014-11-04
28,182.58,2014-11-04
86,67.24,2014-11-04
34,225.94,2014-11-04
30,170.78,2014-11-04
87,158.31,2014-11-04
69,87.76,2014-11-04
122,402.57,2014-11-04
36,244.82,2014-11-04
51,75.77,2014-11-04
24,118.19,2014-11-04
18,95.46,2014-11-04
92,110.63,2014-11-04
66,117.53,2014-11-04
45,231.69,2014-11-04
84,83.49,2014-11-04
48,405.43,2014-11-04
22,90.36,2014-11-04
100,128.83,2014-11-04
125,424.59,2014-11-04
50,79.99,2014-11-04
101,134.03,2014-11-04
62,70.0,2014-11-04
111,46.19,2014-11-04
60,78.98,2014-11-04
77,52.73,2014-11-04
47,373.58,2014-11-04
16,113.37,2014-11-04
115,477.2,2014-11-04
94,108.35,2014-11-04
97,128.23,2014-11-04
31,186.45,2014-11-04
53,82.23,2014-11-04
67,106.18,2014-11-04
113,42.37,2014-11-04
118,381.99,2014-11-04
95,112.64,2014-11-04
79,69.19,2014-11-04
93,104.29,2014-11-04
43,279.44,2014-11-04
26,234.31,2014-11-04
89,142.98,2014-11-04
3,67.62,2014-11-04
46,380.19,2014-11-04
11,93.74,2014-11-04
108,70.32,2014-11-04
55,103.31,2014-11-04
90,162.85,2014-11-04
75,91.09,2014-11-04
42,358.58,2014-11-04
121,463.52,2014-11-04
41,356.81,2014-11-04
123,494.89,2014-11-04
126,427.3,2014-11-04
70,79.25,2014-11-04
81,49.42,2014-11-04
13,77.93,2014-11-04
54,81.55,2014-11-04
110,49.09,2014-11-04
37,252.06,2014-11-04
17,98.06,2014-11-04
8,93.71,2014-11-04
35,258.5,2014-11-04
31,181.73,2014-12-02
99,116.87,2014-12-02
13,78.74,2014-12-02
47,393.97,2014-12-02
89,144.91,2014-12-02
67,104.9,2014-12-02
78,73.91,2014-12-02
66,115.74,2014-12-02
91,105.92,2014-12-02
117,401.88,2014-12-02
29,219.55,2014-12-02
114,346.66,2014-12-02
30,170.16,2014-12-02
90,170.47,2014-12-02
57,102.18,2014-12-02
21,111.87,2014-12-02
77,50.91,2014-12-02
11,97.01,2014-12-02
122,424.85,2014-12-02
115,481.73,2014-12-02
116,472.84,2014-12-02
72,87.91,2014-12-02
53,81.36,2014-12-02
40,234.71,2014-12-02
14,76.74,2014-12-02
64,99.13,2014-12-02
75,89.12,2014-12-02
65,76.88,2014-12-02
80,68.95,2014-12-02
50,82.34,2014-12-02
54,79.91,2014-12-02
61,86.9,2014-12-02
95,117.22,2014-12-02
124,384.68,2014-12-02
105,68.81,2014-12-02
48,390.5,2014-12-02
4,52.6,2014-12-02
45,239.25,2014-12-02
94,105.42,2014-12-02
107,58.12,2014-12-02
35,249.33,2014-12-02
76,73.59,2014-12-02
28,179.64,2015-01-06
69,86.39,2015-01-06
70,79.38,2015-01-06
109,63.91,2015-01-06
58,102.22,2015-01-06
30,170.93,2015-01-06
42,365.8,2015-01-06
75,91.37,2015-01-06
90,165.84,2015-01-06
116,465.16,2015-01-06
106,80.12,2015-01-06
47,376.48,2015-01-06
101,129.47,2015-01-06
33,201.34,2015-01-06
120,398.83,2015-01-06
21,107.54,2015-01-06
41,366.38,2015-01-06
108,72.03,2015-01-06
39,265.02,2015-01-06
59,71.25,2015-01-06
64,98.55,2015-01-06
77,49.83,2015-01-06
5,57.49,2015-01-06
48,380.28,2015-01-06
87,155.57,2015-01-06
114,352.09,2015-01-06
84,80.67,2015-01-06
83,67.85,2015-01-06
34,223.53,2015-01-06
19,95.04,2015-01-06
73,91.07,2015-01-06
40,223.56,2015-01-06
85,75.04,2015-01-06
16,114.29,2015-01-06
105,65.84,2015-01-06
32,169.07,2015-01-06
67,99.88,2015-01-06
52,71.58,2015-01-06
110,47.59,2015-01-06
1,64.52,2015-01-06
60,78.39,2015-01-06
78,72.93,2015-01-06
93,104.86,2015-01-06
46,368.16,2015-01-06
9,93.28,2015-01-06
55,98.37,2015-01-06
112,50.04,2015-01-06
74,89.35,2015-01-06
62,69.57,2015-01-06
113,42.38,2015-01-06
125,414.55,2015-01-06
92,112.82,2015-01-06
97,134.36,2015-01-06
80,72.14,2015-01-06
107,55.82,2015-01-06
89,144.53,2015-01-06
87,152.78,2015-02-03
61,86.22,2015-02-03
95,111.96,2015-02-03
41,388.13,2015-02-03
97,130.25,2015-02-03
112,51.3,2015-02-03
91,105.28,2015-02-03
56,128.01,2015-02-03
52,70.3,2015-02-03
77,49.03,2015-02-03
109,64.36,2015-02-03
9,91.56,2015-02-03
68,88.62,2015-02-03
120,411.7,2015-02-03
71,78.94,2015-02-03
104,56.28,2015-02-03
28,173.85,2015-02-03
23,109.67,2015-02-03
111,45.57,2015-02-03
105,62.73,2015-02-03
102,163.58,2015-02-03
21,112.42,2015-02-03
74,91.23,2015-02-03
113,40.88,2015-02-03
42,380.14,2015-02-03
94,107.64,2015-02-03
38,303.93,2015-02-03
46,377.52,2015-02-03
110,48.62,2015-02-03
29,221.33,2015-02-03
81,48.38,2015-02-03
89,149.62,2015-02-03
18,92.57,2015-02-03
31,178.75,2015-02-03
12,69.9,2015-02-03
83,70.15,2015-02-03
101,129.51,2015-02-03
8,99.19,2015-02-03
1,66.14,2015-02-03
64,101.14,2015-02-03
49,285.41,2015-02-03
51,72.66,2015-02-03
39,266.91,2015-02-03
84,77.99,2015-02-03
114,345.26,2015-02-03
30,176.9,2015-02-03
47,396.05,2015-02-03
34,224.88,2015-02-03
45,238.8,2015-02-03
92,108.58,2015-02-03
53,79.5,2015-02-03
78,70.78,2015-02-03
122,409.03,2015-02-03
70,82.94,2015-02-03
121,453.18,2015-02-03
55,95.06,2015-02-03
62,70.11,2015-02-03
25,125.21,2015-02-03
66,121.58,2015-02-03
103,75.5,2015-02-03
80,74.51,2015-02-03
4,50.51,2015-02-03
123,477.95,2015-02-03
13,79.59,2015-02-03
54,79.21,2015-02-03
125,404.94,2015-02-03
124,400.02,2015-02-03
19,99.85,2015-02-03
73,88.11,2015-02-03
126,406.22,2015-02-03
16,108.91,2015-02-03
37,257.09,2015-02-03
60,75.43,2015-02-03
88,163.36,2015-02-03
82,64.51,2015-02-03
98,113.82,2015-02-03
33,196.74,2015-02-03
51,74.59,2015-03-03
82,65.13,2015-03-03
81,46.26,2015-03-03
92,108.58,2015-03-03
25,119.34,2015-03-03
112,53.43,2015-03-03
7,55.97,2015-03-03
113,41.96,2015-03-03
114,344.44,2015-03-03
31,184.63,2015-03-03
98,118.67,2015-03-03
9,90.08,2015-03-03
68,91.01,2015-03-03
17,101.17,2015-03-03
46,368.39,2015-03-03
52,72.59,2015-03-03
58,105.97,2015-03-03
95,108.26,2015-03-03
33,195.85,2015-03-03
94,102.59,2015-03-03
77,47.81,2015-03-03
111,45.75,2015-03-03
69,82.83,2015-03-03
50,86.27,2015-03-03
65,74.05,2015-03-03
106,79.75,2015-03-03
15,76.93,2015-03-03
54,78.9,2015-03-03
2,75.64,2015-03-03
18,95.25,2015-03-03
10,86.39,2015-03-03
4,51.38,2015-03-03
36,245.32,2015-03-03
26,228.52,2015-03-03
85,74.59,2015-03-03
91,100.75,2015-03-03
37,253.9,2015-03-03
76,71.73,2015-03-03
107,56.85,2015-03-03
110,51.48,2015-03-03
66,125.31,2015-03-03
59,73.42,2015-03-03
47,404.15,2015-03-03
102,171.8,2015-03-03
21,106.84,2015-03-03
3,68.99,2015-03-03
6,76.04,2015-03-03
30,176.12,2015-03-03
24,113.23,2015-03-03
40,220.84,2015-03-03
19,103.07,2015-03-03
14,77.53,2015-03-03
116,441.97,2015-03-03
105,60.25,2015-03-03
45,251.91,2015-03-03
75,96.1,2015-03-03
79,66.5,2015-03-03
11,93.68,2015-03-03
55,93.27,2015-03-03
100,122.49,2015-03-03
71,76.15,2015-03-03
57,98.43,2015-03-03
60,73.74,2015-03-03
63,86.46,2015-03-03
72,89.91,2015-03-03
27,228.03,2015-03-03
121,453.99,2015-03-03
120,429.52,2015-03-03
70,80.19,2015-03-03
43,267.84,2015-03-03
103,78.83,2015-03-03
90,175.57,2015-03-03
61,90.98,2015-03-03
53,83.41,2015-03-03
67,98.84,2015-03-03
32,161.44,2015-03-03
42,376.27,2015-03-03
86,65.41,2015-03-03
1,63.91,2015-03-03
8,99.72,2015-03-03
29,229.34,2015-03-03
123,496.21,2015-03-03
7,56.32,2015-04-07
101,131.54,2015-04-07
99,119.01,2015-04-07
32,167.62,2015-04-07
51,70.99,2015-04-07
46,353.86,2015-04-07
103,80.95,2015-04-07
78,70.53,2015-04-07
83,68.1,2015-04-07
113,42.09,2015-04-07
117,384.6,2015-04-07
77,46.24,2015-04-07
45,249.86,2015-04-07
74,91.48,2015-04-07
88,165.23,2015-04-07
56,122.67,2015-04-07
58,108.42,2015-04-07
70,84.03,2015-04-07
73,86.42,2015-04-07
55,89.14,2015-04-07
92,105.1,2015-04-07
43,261.51,2015-04-07
24,113.65,2015-04-07
36,249.39,2015-04-07
112,53.66,2015-04-07
47,401.71,2015-04-07
31,183.49,2015-04-07
91,97.71,2015-04-07
118,375.03,2015-04-07
122,399.09,2015-04-07
115,473.27,2015-04-07
44,255.16,2015-04-07
27,229.34,2015-04-07
82,62.6,2015-04-07
1,61.1,2015-04-07
72,95.19,2015-04-07
10,86.72,2015-04-07
40,229.27,2015-04-07
116,446.35,2015-04-07
34,231.72,2015-04-07
79,67.47,2015-04-07
33,204.19,2015-04-07
4,54.34,2015-04-07
61,87.26,2015-04-07
57,97.92,2015-04-07
76,75.27,2015-04-07
84,80.01,2015-04-07
22,88.71,2015-04-07
25,116.9,2015-04-07
64,103.45,2015-04-07
121,480.35,2015-04-07
26,232.56,2015-04-07
119,349.41,2015-04-07
66,126.62,2015-04-07
67,100.99,2015-04-07
20,120.11,2015-04-07
21,106.45,2015-04-07
42,364.04,2015-04-07
102,179.69,2015-04-07
20,122.26,2015-05-05
5,58.83,2015-05-05
21,106.84,2015-05-05
75,99.56,2015-05-05
83,67.02,2015-05-05
96,90.61,2015-05-05
113,44.5,2015-05-05
82,60.65,2015-05-05
70,81.59,2015-05-05
3,68.27,2015-05-05
36,246.57,2015-05-05
68,94.31,2015-05-05
51,73.65,2015-05-05
114,359.45,2015-05-05
103,78.07,2015-05-05
79,67.01,2015-05-05
6,74.24,2015-05-05
71,76.29,2015-05-05
49,301.51,2015-05-05
115,463.06,2015-05-05
88,165.36,2015-05-05
97,134.24,2015-05-05
84,84.2,2015-05-05
13,78.86,2015-05-05
99,116.95,2015-05-05
9,90.9,2015-05-05
93,104.44,2015-05-05
120,432.47,2015-05-05
80,74.65,2015-05-05
73,90.24,2015-05-05
77,46.1,2015-05-05
64,100.17,2015-05-05
119,360.83,2015-05-05
38,317.32,2015-05-05
29,220.21,2015-05-05
86,62.8,2015-05-05
33,199.93,2015-05-05
53,87.23,2015-05-05
1,60.57,2015-05-05
50,87.53,2015-05-05
100,126.91,2015-05-05
61,84.93,2015-05-05
48,386.14,2015-05-05
102,182.17,2015-05-05
59,71.89,2015-05-05
40,236.96,2015-05-05
24,110.25,2015-05-05
19,105.71,2015-05-05
72,95.48,2015-05-05
111,47.38,2015-05-05
90,179.52,2015-05-05
74,96.71,2015-05-05
58,113.46,2015-05-05
101,127.57,2015-05-05
55,93.72,2015-05-05
32,162.99,2015-05-05
106,76.8,2015-05-05
35,253.71,2015-05-05
95,103.55,2015-05-05
22,93.61,2015-05-05
81,44.68,2015-05-05
26,241.08,2015-05-05
43,256.79,2015-05-05
108,70.63,2015-05-05
27,220.2,2015-05-05
34,220.16,2015-05-05
25,116.57,2015-05-05
4,54.22,2015-05-05
78,69.72,2015-05-05
118,392.81,2015-05-05
16,114.52,2015-06-02
76,74.09,2015-06-02
21,112.79,2015-06-02
109,61.51,2015-06-02
97,141.15,2015-06-02
119,345.27,2015-06-02
9,89.82,2015-06-02
62,67.15,2015-06-02
92,103.17,2015-06-02
93,107.11,2015-06-02
34,227.33,2015-06-02
67,106.71,2015-06-02
71,72.89,2015-06-02
55,97.58,2015-06-02
120,412.41,2015-06-02
77,45.29,2015-06-02
111,49.6,2015-06-02
28,173.66,2015-06-02
26,235.32,2015-06-02
52,70.54,2015-06-02
46,367.68,2015-06-02
104,59.21,2015-06-02
100,122.5,2015-06-02
20,124.84,2015-06-02
79,69.27,2015-06-02
94,100.1,2015-06-02
3,66.57,2015-06-02
54,79.22,2015-06-02
11,94.57,2015-06-02
40,234.4,2015-06-02
83,65.22,2015-06-02
7,57.95,2015-06-02
88,157.97,2015-06-02
53,88.25,2015-06-02
4,57.35,2015-06-02
75,104.96,2015-06-02
50,84.46,2015-06-02
84,80.72,2015-06-02
68,89.93,2015-06-02
44,266.5,2015-06-02
95,102.43,2015-06-02
124,410.43,2015-06-02
96,88.55,2015-06-02
118,376.49,2015-06-02
122,392.22,2015-06-02
98,116.04,2015-06-02
49,312.98,2015-06-02
110,51.82,2015-06-02
125,415.15,2015-06-02
27,231.36,2015-06-02
1,62.35,2015-06-02
69,79.37,2015-06-02
108,67.25,2015-06-02
6,73.77,2015-06-02
41,381.91,2015-06-02
45,261.23,2015-06-02
22,93.35,2015-06-02
57,99.57,2015-06-02
73,89.2,2015-06-02
107,60.02,2015-06-02
82,57.74,2015-06-02
70,80.48,2015-06-02
24,109.64,2015-06-02
36,237.49,2015-07-07
25,122.27,2015-07-07
122,384.63,2015-07-07
111,52.15,2015-07-07
73,87.46,2015-07-07
30,181.24,2015-07-07
29,213.61,2015-07-07
65,71.81,2015-07-07
70,84.63,2015-07-07
98,114.81,2015-07-07
64,106.17,2015-07-07
92,105.4,2015-07-07
77,43.99,2015-07-07
14,81.46,2015-07-07
52,71.96,2015-07-07
45,264.83,2015-07-07
37,255.17,2015-07-07
90,172.17,2015-07-07
96,91.21,2015-07-07
20,121.88,2015-07-07
34,236.71,2015-07-07
24,104.34,2015-07-07
102,192.18,2015-07-07
95,101.65,2015-07-07
71,69.54,2015-07-07
103,78.35,2015-07-07
31,177.35,2015-07-07
42,378.92,2015-07-07
3,66.96,2015-07-07
76,78.48,2015-07-07
1,65.88,2015-07-07
113,45.48,2015-07-07
60,72.62,2015-07-07
112,51.27,2015-07-07
40,228.66,2015-07-07
100,116.53,2015-07-07
35,265.23,2015-07-07
57,104.18,2015-07-07
58,114.97,2015-07-07
123,508.43,2015-07-07
107,57.98,2015-07-07
55,100.52,2015-07-07
87,147.16,2015-07-07
88,164.05,2015-07-07
69,76.56,2015-07-07
41,367.58,2015-07-07
39,269.41,2015-07-07
49,331.58,2015-07-07
38,325.28,2015-07-07
91,102.19,2015-07-07
26,234.31,2015-07-07
4,60.58,2015-07-07
18,93.78,2015-07-07
43,251.74,2015-07-07
2,78.83,2015-07-07
121,492.74,2015-07-07
23,109.07,2015-07-07
82,56.78,2015-07-07
7,60.99,2015-07-07
99,112.3,2015-07-07
59,72.95,2015-07-07
119,346.42,2015-07-07
83,63.24,2015-07-07
44,269.41,2015-07-07
33,195.36,2015-07-07
101,131.71,2015-07-07
104,61.53,2015-07-07
8,99.56,2015-07-07
16,121.22,2015-07-07
32,159.45,2015-07-07
94,100.57,2015-07-07
126,388.7,2015-07-07
15,79.47,2015-07-07
25,125.36,2015-08-04
44,263.85,2015-08-04
96,91.56,2015-08-04
124,408.52,2015-08-04
30,186.44,2015-08-04
33,197.53,2015-08-04
76,81.48,2015-08-04
37,251.96,2015-08-04
2,78.77,2015-08-04
26,245.08,2015-08-04
59,74.6,2015-08-04
4,57.73,2015-08-04
6,77.14,2015-08-04
17,101.02,2015-08-04
97,139.3,2015-08-04
99,112.06,2015-08-04
68,91.07,2015-08-04
40,221.0,2015-08-04
116,440.3,2015-08-04
85,77.75,2015-08-04
95,98.29,2015-08-04
27,236.91,2015-08-04
80,74.62,2015-08-04
102,183.91,2015-08-04
98,117.73,2015-08-04
22,89.96,2015-08-04
20,129.0,2015-08-04
35,269.11,2015-08-04
104,62.24,2015-08-04
24,102.59,2015-08-04
119,354.96,2015-08-04
108,70.67,2015-08-04
101,128.28,2015-08-04
43,258.79,2015-08-04
122,391.07,2015-08-04
51,75.63,2015-08-04
55,97.64,2015-08-04
9,94.82,2015-08-04
23,112.53,2015-08-04
39,259.74,2015-08-04
36,234.8,2015-08-04
64,102.99,2015-08-04
41,367.09,2015-08-04
38,318.92,2015-08-04
47,419.02,2015-08-04
70,83.86,2015-08-04
21,117.84,2015-08-04
5,60.31,2015-08-04
100,114.81,2015-08-04
60,75.59,2015-08-04
91,97.54,2015-08-04
66,128.06,2015-08-04
84,79.78,2015-08-04
50,82.06,2015-08-04
103,77.51,2015-08-04
120,432.07,2015-08-04
14,85.47,2015-08-04
57,99.16,2015-08-04
19,101.59,2015-08-04
69,75.2,2015-08-04
93,108.48,2015-08-04
7,60.32,2015-08-04
93,110.53,2015-09-01
95,93.48,2015-09-01
125,429.84,2015-09-01
83,62.41,2015-09-01
33,190.42,2015-09-01
94,98.6,2015-09-01
39,256.01,2015-09-01
122,383.89,2015-09-01
85,80.48,2015-09-01
78,69.98,2015-09-01
106,78.13,2015-09-01
45,278.95,2015-09-01
100,115.26,2015-09-01
58,112.87,2015-09-01
63,90.81,2015-09-01
126,370.72,2015-09-01
86,64.08,2015-09-01
81,46.08,2015-09-01
49,330.66,2015-09-01
61,88.97,2015-09-01
44,276.88,2015-09-01
88,167.73,2015-09-01
66,130.71,2015-09-01
20,131.05,2015-09-01
77,42.17,2015-09-01
51,73.53,2015-09-01
121,492.49,2015-09-01
68,93.7,2015-09-01
17,100.79,2015-09-01
114,368.13,2015-09-01
65,70.22,2015-09-01
123,534.14,2015-09-01
107,58.55,2015-09-01
50,85.81,2015-09-01
3,69.69,2015-09-01
96,88.84,2015-09-01
53,90.97,2015-09-01
36,233.16,2015-09-01
116,436.65,2015-09-01
26,238.33,2015-09-01
101,133.75,2015-09-01
67,112.99,2015-09-01
71,67.16,2015-09-01
46,369.66,2015-09-01
2,78.95,2015-09-01
108,70.03,2015-09-01
80,77.6,2015-09-01
28,169.93,2015-09-01
37,241.69,2015-09-01
13,79.81,2015-09-01
59,74.53,2015-09-01
120,434.5,2015-09-01
99,110.51,2015-09-01
115,485.22,2015-09-01
7,58.68,2015-09-01
90,166.15,2015-09-01
97,135.63,2015-09-01
112,53.84,2015-09-01
1,66.46,2015-09-01
32,156.45,2015-09-01
103,78.79,2015-09-01
84,82.87,2015-09-01
92,109.22,2015-09-01
57,104.94,2015-09-01
12,72.62,2015-09-01
109,64.81,2015-09-01
73,85.28,2015-09-01
91,94.29,2015-09-01
69,77.99,2015-09-01
82,56.37,2015-09-01
5,60.23,2015-09-01
25,126.71,2015-10-06
95,97.16,2015-10-06
8,102.05,2015-10-06
11,93.39,2015-10-06
52,72.01,2015-10-06
46,388.05,2015-10-06
76,82.39,2015-10-06
86,64.21,2015-10-06
49,340.82,2015-10-06
71,68.92,2015-10-06
34,244.64,2015-10-06
43,256.12,2015-10-06
55,99.25,2015-10-06
74,101.31,2015-10-06
124,405.62,2015-10-06
90,172.3,2015-10-06
9,94.43,2015-10-06
106,82.81,2015-10-06
31,174.42,2015-10-06
13,78.88,2015-10-06
7,61.06,2015-10-06
26,249.17,2015-10-06
108,67.61,2015-10-06
57,101.41,2015-10-06
3,69.77,2015-10-06
109,61.58,2015-10-06
85,83.67,2015-10-06
69,80.12,2015-10-06
47,417.29,2015-10-06
56,129.79,2015-10-06
104,64.27,2015-10-06
33,189.24,2015-10-06
87,153.4,2015-10-06
16,116.81,2015-10-06
84,82.37,2015-10-06
37,254.26,2015-10-06
58,118.02,2015-10-06
93,114.99,2015-10-06
35,269.28,2015-10-06
92,109.52,2015-10-06
101,141.42,2015-10-06
103,79.95,2015-10-06
100,115.78,2015-10-06
63,93.33,2015-10-06
82,58.5,2015-10-06
65,66.93,2015-10-06
96,87.03,2015-10-06
42,395.94,2015-10-06
50,85.08,2015-10-06
68,93.75,2015-10-06
19,97.09,2015-10-06
99,111.78,2015-10-06
126,365.48,2015-10-06
105,59.61,2015-10-06
83,61.63,2015-10-06
113,43.32,2015-10-06
115,495.53,2015-10-06
66,137.35,2015-10-06
1,65.21,2015-10-06
125,425.15,2015-10-06
14,86.77,2015-10-06
73,86.12,2015-10-06
59,75.57,2015-10-06
75,110.26,2015-10-06
27,225.72,2015-10-06
97,129.54,2015-10-06
18,91.17,2015-10-06
62,64.64,2015-10-06
111,54.54,2015-10-06
118,398.89,2015-10-06
79,69.79,2015-10-06
53,92.79,2015-10-06
78,71.85,2015-10-06
29,211.64,2015-10-06
23,114.6,2015-10-06
123,528.39,2015-11-03
43,265.65,2015-11-03
45,277.84,2015-11-03
32,150.96,2015-11-03
91,92.36,2015-11-03
26,241.61,2015-11-03
20,128.13,2015-11-03
85,84.1,2015-11-03
8,104.25,2015-11-03
99,114.3,2015-11-03
2,80.72,2015-11-03
48,375.95,2015-11-03
30,182.43,2015-11-03
65,70.31,2015-11-03
25,126.35,2015-11-03
64,102.9,2015-11-03
62,63.69,2015-11-03
29,221.16,2015-11-03
42,397.3,2015-11-03
63,98.61,2015-11-03
35,269.38,2015-11-03
18,95.55,2015-11-03
81,48.51,2015-11-03
60,79.66,2015-11-03
104,63.2,2015-11-03
44,266.55,2015-11-03
59,71.8,2015-11-03
23,110.44,2015-11-03
113,45.36,2015-11-03
83,62.74,2015-11-03
115,491.85,2015-11-03
66,132.69,2015-11-03
75,106.1,2015-11-03
57,101.19,2015-11-03
90,166.76,2015-11-03
108,69.44,2015-11-03
73,89.86,2015-11-03
54,76.58,2015-11-03
22,88.32,2015-11-03
47,421.63,2015-11-03
103,76.46,2015-11-03
101,144.01,2015-11-03
124,426.33,2015-11-03
15,82.21,2015-11-03
16,114.96,2015-11-03
61,88.77,2015-11-03
114,368.01,2015-11-03
7,64.27,2015-11-03
110,51.45,2015-11-03
120,455.71,2015-11-03
118,380.61,2015-11-03
111,51.99,2015-11-03
100,117.77,2015-11-03
80,82.25,2015-11-03
4,57.32,2015-11-03
102,193.25,2015-11-03
70,83.42,2015-11-03
72,90.78,2015-11-03
46,399.18,2015-11-03
77,44.66,2015-11-03
92,108.76,2015-11-03
84,87.23,2015-11-03
119,354.17,2015-11-03
38,323.42,2015-11-03
76,83.06,2015-11-03
11,90.8,2015-11-03
117,400.76,2015-11-03
51,73.3,2015-11-03
3,73.67,2015-11-03
49,356.26,2015-11-03
67,111.14,2015-11-03
31,181.54,2015-11-03
6,79.95,2015-11-03
50,84.94,2015-11-03
78,70.64,2015-11-03
19,100.29,2015-11-03
9,95.21,2015-11-03
79,68.27,2015-11-03
121,506.44,2015-11-03
53,90.2,2015-11-03
107,56.45,2015-12-01
68,90.06,2015-12-01
47,428.87,2015-12-01
103,75.69,2015-12-01
116,428.5,2015-12-01
58,121.46,2015-12-01
109,64.01,2015-12-01
89,149.19,2015-12-01
81,47.95,2015-12-01
49,344.37,2015-12-01
122,376.62,2015-12-01
41,365.97,2015-12-01
84,90.44,2015-12-01
5,61.88,2015-12-01
10,85.8,2015-12-01
52,71.22,2015-12-01
88,174.96,2015-12-01
60,82.64,2015-12-01
111,54.37,2015-12-01
126,386.36,2015-12-01
51,73.09,2015-12-01
82,56.62,2015-12-01
72,90.38,2015-12-01
85,88.63,2015-12-01
100,124.67,2015-12-01
124,411.89,2015-12-01
118,391.95,2015-12-01
48,360.72,2015-12-01
75,103.92,2015-12-01
17,104.76,2015-12-01
39,246.96,2015-12-01
94,104.46,2015-12-01
80,85.62,2015-12-01
18,91.91,2015-12-01
7,67.55,2015-12-01
64,106.23,2015-12-01
65,69.04,2015-12-01
44,261.0,2015-12-01
74,104.06,2015-12-01
101,137.62,2015-12-01
19,101.84,2015-12-01
8,109.85,2015-12-01
86,66.71,2015-12-01
102,202.87,2015-12-01
112,51.67,2015-12-01
66,128.21,2015-12-01
31,175.82,2015-12-01
13,78.59,2015-12-01
34,253.9,2015-12-01
70,80.12,2015-12-01
15,86.89,2015-12-01
43,281.45,2015-12-01
57,101.12,2015-12-01
21,122.81,2015-12-01
73,87.55,2015-12-01
76,84.54,2015-12-01
87,161.11,2015-12-01
62,63.82,2015-12-01
91,89.36,2016-01-05
124,406.45,2016-01-05
36,244.27,2016-01-05
105,58.5,2016-01-05
123,550.36,2016-01-05
19,97.29,2016-01-05
97,135.8,2016-01-05
109,67.11,2016-01-05
48,366.17,2016-01-05
11,86.72,2016-01-05
66,124.27,2016-01-05
110,49.98,2016-01-05
13,74.96,2016-01-05
14,86.89,2016-01-05
57,97.79,2016-01-05
83,63.81,2016-01-05
34,249.21,2016-01-05
67,115.98,2016-01-05
114,381.84,2016-01-05
81,47.28,2016-01-05
56,132.83,2016-01-05
65,70.44,2016-01-05
108,68.67,2016-01-05
38,331.14,2016-01-05
47,436.69,2016-01-05
32,144.56,2016-01-05
28,169.99,2016-01-05
98,122.46,2016-01-05
92,105.13,2016-01-05
112,52.48,2016-01-05
40,216.36,2016-01-05
49,358.39,2016-01-05
120,439.64,2016-01-05
90,171.68,2016-01-05
117,405.82,2016-01-05
55,99.9,2016-01-05
122,369.92,2016-01-05
119,351.83,2016-01-05
121,521.19,2016-01-05
96,84.12,2016-01-05
21,116.92,2016-01-05
77,47.17,2016-01-05
88,184.24,2016-01-05
125,418.51,2016-01-05
60,83.11,2016-01-05
79,67.35,2016-01-05
58,117.43,2016-01-05
45,265.26,2016-01-05
94,106.43,2016-01-05
2,81.01,2016-01-05
61,87.6,2016-01-05
75,103.07,2016-01-05
80,85.74,2016-01-05
51,71.69,2016-01-05
15,83.76,2016-01-05
73,90.47,2016-01-05
25,123.67,2016-01-05
18,93.36,2016-01-05
64,107.45,2016-01-05
63,97.7,2016-01-05
101,135.76,2016-01-05
99,112.2,2016-01-05
93,113.68,2016-01-05
41,363.52,2016-01-05
126,384.99,2016-01-05
87,157.55,2016-01-05
33,188.7,2016-01-05
43,273.9,2016-01-05
59,71.03,2016-01-05
46,401.62,2016-01-05
17,99.57,2016-01-05
122,376.43,2016-02-02
15,86.77,2016-02-02
70,83.09,2016-02-02
24,107.28,2016-02-02
52,73.47,2016-02-02
45,264.45,2016-02-02
79,67.54,2016-02-02
27,220.45,2016-02-02
95,97.53,2016-02-02
61,89.54,2016-02-02
68,92.0,2016-02-02
66,126.29,2016-02-02
51,75.76,2016-02-02
81,46.53,2016-02-02
89,151.92,2016-02-02
18,95.64,2016-02-02
16,110.74,2016-02-02
98,129.37,2016-02-02
67,111.34,2016-02-02
82,56.3,2016-02-02
55,100.54,2016-02-02
87,156.79,2016-02-02
33,181.75,2016-02-02
63,101.84,2016-02-02
54,73.38,2016-02-02
108,68.22,2016-02-02
93,110.39,2016-02-02
85,93.77,2016-02-02
62,61.09,2016-02-02
49,366.33,2016-02-02
59,67.96,2016-02-02
88,185.24,2016-02-02
126,383.47,2016-02-02
106,80.68,2016-02-02
115,488.34,2016-02-02
47,420.41,2016-02-02
41,355.53,2016-02-02
112,52.33,2016-02-02
74,99.19,2016-02-02
77,45.07,2016-02-02
57,99.54,2016-02-02
118,382.92,2016-02-02
36,256.43,2016-02-02
65,68.8,2016-02-02
31,170.82,2016-02-02
101,131.04,2016-02-02
39,246.49,2016-02-02
38,341.55,2016-02-02
44,260.17,2016-02-02
75,105.72,2016-02-02
50,81.01,2016-02-02
32,150.37,2016-02-02
30,182.63,2016-02-02
8,110.39,2016-02-02
73,87.28,2016-02-02
109,64.31,2016-02-02
40,223.73,2016-02-02
102,204.02,2016-02-02
121,524.02,2016-02-02
20,134.76,2016-02-02
34,243.17,2016-02-02
22,91.27,2016-02-02
11,82.89,2016-02-02
23,116.8,2016-02-02
35,270.4,2016-02-02
110,51.3,2016-02-02
58,121.57,2016-02-02
60,80.54,2016-02-02
17,99.91,2016-02-02
64,111.42,2016-02-02
84,86.67,2016-02-02
19,99.53,2016-02-02
2,84.55,2016-02-02
42,397.38,2016-02-02
120,458.79,2016-02-02
116,447.13,2016-02-02
12,70.0,2016-02-02
92,103.59,2016-02-02
83,63.82,2016-02-02
48,381.01,2016-02-02
119,372.84,2016-02-02
29,211.63,2016-02-02
19,98.61,2016-03-01
80,90.8,2016-03-01
55,102.66,2016-03-01
21,111.87,2016-03-01
42,420.09,2016-03-01
32,153.5,2016-03-01
48,391.67,2016-03-01
98,134.81,2016-03-01
87,156.67,2016-03-01
74,99.16,2016-03-01
126,382.31,2016-03-01
71,66.61,2016-03-01
103,79.33,2016-03-01
114,396.49,2016-03-01
79,70.26,2016-03-01
61,93.48,2016-03-01
85,98.79,2016-03-01
37,265.4,2016-03-01
68,95.05,2016-03-01
102,199.41,2016-03-01
86,66.54,2016-03-01
84,88.97,2016-03-01
39,240.31,2016-03-01
24,105.25,2016-03-01
3,72.25,2016-03-01
93,114.99,2016-03-01
23,123.41,2016-03-01
33,191.63,2016-03-01
119,391.63,2016-03-01
120,481.7,2016-03-01
123,543.94,2016-03-01
105,57.52,2016-03-01
122,377.44,2016-03-01
63,99.17,2016-03-01
107,59.26,2016-03-01
118,390.79,2016-03-01
101,136.88,2016-03-01
20,133.54,2016-03-01
57,98.76,2016-03-01
40,227.71,2016-03-01
28,165.66,2016-03-01
8,115.62,2016-03-01
112,54.56,2016-03-01
53,91.4,2016-03-01
91,87.99,2016-03-01
18,99.54,2016-03-01
16,117.38,2016-03-01
73,86.1,2016-03-01
89,148.33,2016-03-01
60,82.18,2016-03-01
75,105.19,2016-03-01
125,434.84,2016-03-01
46,390.56,2016-03-01
35,261.79,2016-03-01
49,350.03,2016-03-01
58,127.79,2016-03-01
45,271.62,2016-03-01
96,87.87,2016-03-01
15,88.87,2016-03-01
77,44.36,2016-03-01
78,68.72,2016-03-01
83,64.74,2016-03-01
43,286.52,2016-03-01
115,496.1,2016-03-01
56,134.78,2016-03-01
113,47.55,2016-03-01
121,546.54,2016-03-01
62,63.26,2016-03-01
31,176.77,2016-03-01
11,86.51,2016-03-01
12,68.58,2016-03-01
70,87.58,2016-03-01
108,68.72,2016-03-01
124,411.21,2016-03-01
97,143.57,2016-03-01
44,269.6,2016-03-01
65,69.03,2016-03-01
5,60.77,2016-03-01
67,110.77,2016-03-01
13,72.59,2016-03-01
69,79.3,2016-04-05
43,293.5,2016-04-05
6,76.15,2016-04-05
3,74.3,2016-04-05
72,91.17,2016-04-05
65,66.49,2016-04-05
109,66.12,2016-04-05
76,84.6,2016-04-05
20,131.72,2016-04-05
36,265.89,2016-04-05
79,69.69,2016-04-05
49,358.92,2016-04-05
60,85.47,2016-04-05
121,525.56,2016-04-05
63,97.29,2016-04-05
81,45.0,2016-04-05
17,105.9,2016-04-05
68,90.87,2016-04-05
35,253.13,2016-04-05
101,136.59,2016-04-05
33,192.48,2016-04-05
93,113.27,2016-04-05
100,125.38,2016-04-05
21,112.79,2016-04-05
99,109.51,2016-04-05
8,114.31,2016-04-05
110,52.21,2016-04-05
31,176.55,2016-04-05
4,56.3,2016-04-05
50,79.39,2016-04-05
11,86.55,2016-04-05
94,109.49,2016-04-05
13,69.31,2016-04-05
105,56.65,2016-04-05
83,63.08,2016-04-05
117,426.21,2016-04-05
119,400.93,2016-04-05
89,147.38,2016-04-05
104,62.41,2016-04-05
7,70.11,2016-04-05
18,103.42,2016-04-05
80,92.57,2016-04-05
95,96.99,2016-04-05
108,72.1,2016-04-05
86,63.44,2016-04-05
44,267.56,2016-04-05
75,105.39,2016-04-05
26,239.46,2016-04-05
87,155.94,2016-04-05
54,72.21,2016-04-05
48,377.01,2016-04-05
118,404.44,2016-04-05
106,76.86,2016-04-05
32,156.08,2016-04-05
37,272.65,2016-04-05
58,129.15,2016-04-05
122,386.42,2016-04-05
52,70.42,2016-04-05
19,101.9,2016-04-05
125,433.68,2016-04-05
77,42.99,2016-04-05
2,84.98,2016-04-05
126,378.1,2016-04-05
9,93.78,2016-05-03
13,69.48,2016-05-03
123,543.53,2016-05-03
65,67.47,2016-05-03
35,245.49,2016-05-03
97,148.83,2016-05-03
28,158.82,2016-05-03
30,185.59,2016-05-03
90,180.02,2016-05-03
66,132.62,2016-05-03
125,453.77,2016-05-03
58,133.17,2016-05-03
85,103.49,2016-05-03
44,277.4,2016-05-03
89,153.3,2016-05-03
84,87.4,2016-05-03
16,118.76,2016-05-03
57,99.58,2016-05-03
72,87.93,2016-05-03
126,392.36,2016-05-03
107,61.48,2016-05-03
68,92.76,2016-05-03
39,248.33,2016-05-03
64,117.71,2016-05-03
118,420.01,2016-05-03
71,67.27,2016-05-03
15,92.81,2016-05-03
33,185.59,2016-05-03
81,46.51,2016-05-03
74,95.48,2016-05-03
110,52.76,2016-05-03
42,406.32,2016-05-03
1,62.27,2016-05-03
52,69.57,2016-05-03
61,96.86,2016-05-03
91,89.44,2016-05-03
34,234.42,2016-05-03
87,148.64,2016-05-03
45,284.86,2016-05-03
94,105.59,2016-05-03
77,41.63,2016-05-03
38,326.18,2016-05-03
54,72.33,2016-05-03
36,272.42,2016-05-03
25,126.83,2016-05-03
99,107.14,2016-05-03
60,85.62,2016-05-03
17,109.87,2016-05-03
92,102.23,2016-05-03
8,114.81,2016-05-03
41,343.68,2016-05-03
56,132.26,2016-05-03
120,494.85,2016-05-03
5,59.18,2016-05-03
63,92.58,2016-05-03
75,107.21,2016-05-03
43,301.24,2016-05-03
40,235.42,2016-05-03
50,78.08,2016-06-07
64,118.07,2016-06-07
31,185.81,2016-06-07
117,437.81,2016-06-07
105,55.19,2016-06-07
80,91.76,2016-06-07
54,69.99,2016-06-07
118,412.89,2016-06-07
42,386.05,2016-06-07
126,384.41,2016-06-07
123,546.83,2016-06-07
8,121.52,2016-06-07
86,64.54,2016-06-07
72,92.42,2016-06-07
33,192.37,2016-06-07
71,68.71,2016-06-07
11,91.72,2016-06-07
102,191.59,2016-06-07
65,69.59,2016-06-07
20,138.59,2016-06-07
94,101.52,2016-06-07
79,66.63,2016-06-07
15,95.66,2016-06-07
46,405.55,2016-06-07
76,80.59,2016-06-07
107,59.03,2016-06-07
112,54.24,2016-06-07
24,102.39,2016-06-07
95,100.99,2016-06-07
78,68.48,2016-06-07
38,314.35,2016-06-07
1,62.72,2016-06-07
62,66.12,2016-06-07
121,510.83,2016-06-07
88,177.74,2016-06-07
82,54.51,2016-06-07
61,101.7,2016-06-07
75,110.05,2016-06-07
37,269.8,2016-06-07
68,89.88,2016-06-07
119,416.3,2016-06-07
4,58.08,2016-06-07
110,52.89,2016-06-07
67,107.19,2016-06-07
52,71.31,2016-06-07
23,130.36,2016-06-07
56,139.83,2016-06-07
7,67.15,2016-06-07
53,96.82,2016-06-07
9,99.12,2016-06-07
122,377.69,2016-06-07
28,166.52,2016-06-07
29,222.26,2016-06-07
98,141.25,2016-06-07
108,75.39,2016-06-07
55,106.25,2016-06-07
45,298.37,2016-06-07
16,125.37,2016-06-07
3,74.88,2016-06-07
106,74.15,2016-06-07
39,243.06,2016-06-07
100,124.93,2016-06-07
87,152.16,2016-06-07
83,62.86,2016-06-07
13,71.69,2016-06-07
43,305.15,2016-06-07
113,48.28,2016-06-07
30,177.12,2016-06-07
111,55.95,2016-06-07
22,95.24,2016-06-07
48,365.46,2016-06-07
32,157.13,2016-06-07
93,110.09,2016-06-07
66,137.66,2016-06-07
74,97.61,2016-06-07
27,227.23,2016-06-07
104,63.03,2016-06-07
21,108.07,2016-06-07
18,104.63,2016-06-07
70,86.09,2016-06-07
59,64.74,2016-06-07
14,87.27,2016-06-07
57,97.06,2016-06-07
40,234.69,2016-06-07
100,122.55,2016-07-05
43,309.69,2016-07-05
97,142.06,2016-07-05
29,221.23,2016-07-05
6,75.16,2016-07-05
116,465.24,2016-07-05
12,72.16,2016-07-05
99,103.95,2016-07-05
17,111.34,2016-07-05
103,77.23,2016-07-05
79,64.13,2016-07-05
7,68.52,2016-07-05
30,171.24,2016-07-05
66,142.85,2016-07-05
98,145.38,2016-07-05
107,58.6,2016-07-05
113,49.3,2016-07-05
121,535.96,2016-07-05
50,79.0,2016-07-05
69,80.38,2016-07-05
60,83.29,2016-07-05
101,138.02,2016-07-05
85,99.08,2016-07-05
91,88.15,2016-07-05
28,167.73,2016-07-05
48,365.52,2016-07-05
32,151.45,2016-07-05
31,190.9,2016-07-05
118,423.69,2016-07-05
55,107.63,2016-07-05
81,47.31,2016-07-05
110,53.55,2016-07-05
38,302.79,2016-07-05
84,86.72,2016-07-05
106,71.27,2016-07-05
49,348.49,2016-07-05
33,200.0,2016-07-05
45,288.95,2016-07-05
23,132.73,2016-07-05
74,94.28,2016-07-05
87,148.27,2016-07-05
104,60.15,2016-07-05
125,449.79,2016-07-05
26,230.27,2016-07-05
96,91.51,2016-07-05
57,96.55,2016-07-05
86,64.11,2016-07-05
42,367.03,2016-07-05
20,138.04,2016-07-05
80,94.23,2016-07-05
13,69.29,2016-07-05
120,486.11,2016-07-05
93,111.2,2016-07-05
105,57.34,2016-07-05
67,113.32,2016-07-05
83,60.1,2016-07-05
112,53.33,2016-07-05
124,391.17,2016-07-05
126,368.87,2016-07-05
56,143.49,2016-07-05
14,85.03,2016-07-05
102,198.04,2016-07-05
115,503.06,2016-07-05
35,240.36,2016-07-05
53,94.05,2016-07-05
76,79.3,2016-07-05
22,94.76,2016-07-05
95,102.59,2016-07-05
89,154.01,2016-07-05
62,67.62,2016-07-05
15,100.43,2016-07-05
11,92.43,2016-07-05
46,392.25,2016-07-05
71,69.66,2016-07-05
94,102.02,2016-07-05
85,104.14,2016-08-02
80,94.0,2016-08-02
81,47.48,2016-08-02
52,72.71,2016-08-02
33,193.72,2016-08-02
46,400.93,2016-08-02
97,146.33,2016-08-02
15,96.74,2016-08-02
31,181.78,2016-08-02
123,539.29,2016-08-02
2,80.93,2016-08-02
61,106.46,2016-08-02
4,58.68,2016-08-02
21,110.5,2016-08-02
125,470.58,2016-08-02
78,70.0,2016-08-02
79,61.03,2016-08-02
72,95.24,2016-08-02
120,513.04,2016-08-02
122,361.27,2016-08-02
37,266.43,2016-08-02
105,55.59,2016-08-02
82,54.22,2016-08-02
95,98.37,2016-08-02
28,162.99,2016-08-02
3,76.0,2016-08-02
48,362.43,2016-08-02
60,88.12,2016-08-02
11,90.58,2016-08-02
68,92.04,2016-08-02
47,428.75,2016-08-02
83,60.53,2016-08-02
94,102.63,2016-08-02
1,61.31,2016-08-02
40,244.87,2016-08-02
108,75.36,2016-08-02
51,79.79,2016-08-02
25,121.43,2016-08-02
44,286.23,2016-08-02
56,143.83,2016-08-02
73,86.92,2016-08-02
93,107.8,2016-08-02
59,66.3,2016-08-02
106,70.7,2016-08-02
63,94.97,2016-08-02
112,54.67,2016-08-02
65,70.8,2016-08-02
20,135.23,2016-08-02
107,59.63,2016-08-02
87,156.86,2016-08-02
9,95.53,2016-08-02
22,98.6,2016-08-02
23,130.51,2016-08-02
17,117.34,2016-08-02
45,296.84,2016-08-02
88,172.54,2016-08-02
18,102.24,2016-08-02
7,66.39,2016-08-02
104,59.33,2016-08-02
6,71.97,2016-08-02
75,108.99,2016-08-02
57,101.54,2016-08-02
117,449.17,2016-08-02
70,86.27,2016-08-02
41,335.96,2016-08-02
99,108.66,2016-08-02
43,306.66,2016-08-02
116,443.07,2016-08-02
114,378.72,2016-08-02
36,265.23,2016-08-02
126,373.71,2016-08-02
121,539.47,2016-08-02
113,49.84,2016-08-02
115,484.93,2016-08-02
42,360.41,2016-08-02
55,104.85,2016-08-02
12,69.13,2016-08-02
64,112.8,2016-08-02
96,93.09,2016-08-02
92,104.59,2016-08-02
90,178.46,2016-09-06
10,84.99,2016-09-06
82,56.66,2016-09-06
101,132.06,2016-09-06
88,164.05,2016-09-06
97,140.38,2016-09-06
94,97.62,2016-09-06
57,102.89,2016-09-06
29,231.89,2016-09-06
21,109.1,2016-09-06
121,565.72,2016-09-06
66,140.68,2016-09-06
75,104.13,2016-09-06
5,61.47,2016-09-06
69,82.79,2016-09-06
35,250.0,2016-09-06
86,65.98,2016-09-06
33,188.54,2016-09-06
39,249.36,2016-09-06
12,72.73,2016-09-06
123,515.17,2016-09-06
52,72.93,2016-09-06
46,411.75,2016-09-06
124,387.34,2016-09-06
114,380.91,2016-09-06
42,368.41,2016-09-06
14,82.26,2016-09-06
105,54.32,2016-09-06
56,142.33,2016-09-06
36,268.69,2016-09-06
78,70.22,2016-09-06
3,77.36,2016-09-06
54,71.98,2016-09-06
92,109.73,2016-09-06
4,56.55,2016-09-06
122,351.3,2016-09-06
70,88.39,2016-09-06
16,127.2,2016-09-06
64,107.24,2016-09-06
60,89.28,2016-09-06
59,69.64,2016-09-06
23,134.79,2016-09-06
76,78.89,2016-09-06
43,307.02,2016-09-06
112,53.97,2016-09-06
91,84.34,2016-09-06
63,98.85,2016-09-06
13,70.75,2016-09-06
118,440.48,2016-09-06
95,102.94,2016-09-06
18,105.67,2016-09-06
67,118.47,2016-09-06
49,362.1,2016-09-06
45,313.07,2016-09-06
77,43.04,2016-09-06
104,62.41,2016-09-06
119,403.59,2016-09-06
83,61.24,2016-09-06
53,98.81,2016-09-06
68,95.01,2016-09-06
99,107.79,2016-09-06
55,109.42,2016-09-06
28,164.48,2016-09-06
30,163.58,2016-09-06
50,81.84,2016-09-06
1,62.97,2016-09-06
9,98.04,2016-09-06
31,186.04,2016-09-06
106,69.58,2016-09-06
84,83.53,2016-09-06
38,295.67,2016-09-06
22,97.48,2016-09-06
37,273.11,2016-09-06
51,83.74,2016-09-06
103,77.6,2016-09-06
108,79.04,2016-09-06
120,538.92,2016-09-06
116,443.89,2016-09-06
87,166.18,2016-09-06
115,499.59,2016-09-06
124,374.14,2016-10-04
51,88.74,2016-10-04
85,103.54,2016-10-04
12,72.58,2016-10-04
9,98.49,2016-10-04
97,134.03,2016-10-04
110,56.48,2016-10-04
107,61.38,2016-10-04
25,122.58,2016-10-04
92,105.83,2016-10-04
1,61.72,2016-10-04
37,259.91,2016-10-04
45,313.74,2016-10-04
33,193.6,2016-10-04
10,82.95,2016-10-04
72,98.4,2016-10-04
78,68.52,2016-10-04
16,122.1,2016-10-04
48,360.14,2016-10-04
64,102.21,2016-10-04
52,72.89,2016-10-04
91,81.58,2016-10-04
109,64.51,2016-10-04
44,272.1,2016-10-04
23,138.06,2016-10-04
32,155.95,2016-10-04
28,168.95,2016-10-04
39,246.81,2016-10-04
35,257.21,2016-10-04
116,462.77,2016-10-04
65,67.98,2016-10-04
11,88.51,2016-10-04
75,107.22,2016-10-04
4,57.77,2016-10-04
68,100.46,2016-10-04
46,432.55,2016-10-04
79,61.06,2016-10-04
15,96.14,2016-10-04
117,435.35,2016-10-04
118,463.81,2016-10-04
27,225.94,2016-10-04
24,100.92,2016-10-04
90,170.52,2016-10-04
5,58.76,2016-10-04
84,83.94,2016-10-04
106,71.01,2016-10-04
43,293.79,2016-10-04
65,69.56,2016-11-01
99,104.06,2016-11-01
66,136.93,2016-11-01
68,100.47,2016-11-01
48,359.37,2016-11-01
9,103.92,2016-11-01
26,228.13,2016-11-01
110,58.39,2016-11-01
60,88.86,2016-11-01
35,265.66,2016-11-01
84,87.8,2016-11-01
113,50.8,2016-11-01
93,107.44,2016-11-01
86,65.57,2016-11-01
15,97.41,2016-11-01
54,73.52,2016-11-01
30,160.87,2016-11-01
55,112.08,2016-11-01
5,57.02,2016-11-01
90,176.77,2016-11-01
119,400.97,2016-11-01
16,118.17,2016-11-01
33,200.25,2016-11-01
43,299.99,2016-11-01
102,207.24,2016-11-01
126,373.42,2016-11-01
10,86.17,2016-11-01
38,305.11,2016-11-01
71,67.11,2016-11-01
91,78.9,2016-11-01
17,120.07,2016-11-01
79,59.97,2016-11-01
42,356.12,2016-11-01
92,105.14,2016-11-01
40,248.45,2016-11-01
88,157.11,2016-11-01
37,266.8,2016-11-01
31,196.97,2016-11-01
121,563.94,2016-11-01
22,94.6,2016-11-01
8,122.82,2016-11-01
45,307.98,2016-11-01
3,77.26,2016-11-01
101,126.26,2016-11-01
80,95.88,2016-11-01
7,68.2,2016-11-01
118,479.94,2016-11-01
50,78.23,2016-11-01
63,99.83,2016-11-01
28,174.34,2016-11-01
78,69.02,2016-11-01
120,564.91,2016-11-01
72,103.8,2016-11-01
104,59.92,2016-11-01
24,98.17,2016-11-01
20,138.66,2016-11-01
19,105.7,2016-11-01
39,260.73,2016-11-01
114,368.8,2016-11-01
105,51.7,2016-11-01
29,235.25,2016-11-01
85,107.44,2016-11-01
100,119.11,2016-12-06
27,237.63,2016-12-06
30,169.95,2016-12-06
25,121.39,2016-12-06
92,107.71,2016-12-06
77,43.51,2016-12-06
59,73.34,2016-12-06
102,204.14,2016-12-06
28,180.58,2016-12-06
4,55.22,2016-12-06
76,75.55,2016-12-06
31,206.35,2016-12-06
40,262.03,2016-12-06
66,142.87,2016-12-06
107,61.76,2016-12-06
82,57.52,2016-12-06
115,488.64,2016-12-06
10,85.92,2016-12-06
69,85.02,2016-12-06
74,91.73,2016-12-06
97,141.51,2016-12-06
85,103.6,2016-12-06
84,91.01,2016-12-06
26,229.92,2016-12-06
20,136.01,2016-12-06
124,386.75,2016-12-06
63,104.06,2016-12-06
93,104.27,2016-12-06
6,70.1,2016-12-06
2,80.33,2016-12-06
117,458.02,2016-12-06
58,134.18,2016-12-06
96,89.44,2016-12-06
91,77.13,2016-12-06
5,59.17,2016-12-06
122,371.28,2016-12-06
19,103.08,2016-12-06
104,59.36,2016-12-06
120,595.22,2016-12-06
23,144.46,2016-12-06
119,398.6,2016-12-06
79,59.59,2016-12-06
88,160.31,2016-12-06
54,75.64,2016-12-06
81,49.44,2016-12-06
89,150.0,2016-12-06
41,322.79,2016-12-06
90,171.84,2016-12-06
9,109.87,2016-12-06
3,78.56,2016-12-06
24,101.33,2016-12-06
113,52.92,2016-12-06
80,99.03,2016-12-06
43,296.97,2016-12-06
105,54.51,2016-12-06
67,120.09,2016-12-06
57,102.79,2016-12-06
98,141.39,2016-12-06
118,461.5,2016-12-06
50,82.04,2016-12-06
22,95.92,2016-12-06
33,206.35,2016-12-06
126,365.18,2016-12-06
17,125.3,2016-12-06
108,76.32,2016-12-06
112,53.51,2016-12-06
93,104.37,2017-01-03
89,145.82,2017-01-03
67,126.53,2017-01-03
19,105.81,2017-01-03
69,82.48,2017-01-03
96,94.22,2017-01-03
81,48.11,2017-01-03
111,57.3,2017-01-03
101,126.54,2017-01-03
86,66.2,2017-01-03
94,99.47,2017-01-03
77,43.49,2017-01-03
100,118.1,2017-01-03
11,93.82,2017-01-03
122,365.86,2017-01-03
27,232.37,2017-01-03
39,269.47,2017-01-03
47,447.21,2017-01-03
25,126.78,2017-01-03
4,53.94,2017-01-03
85,106.74,2017-01-03
115,470.74,2017-01-03
75,103.86,2017-01-03
95,97.86,2017-01-03
42,353.57,2017-01-03
114,360.73,2017-01-03
46,450.05,2017-01-03
112,53.06,2017-01-03
23,145.64,2017-01-03
64,105.33,2017-01-03
6,67.59,2017-01-03
53,98.2,2017-01-03
21,107.32,2017-01-03
26,238.6,2017-01-03
5,58.44,2017-01-03
22,96.74,2017-01-03
50,82.09,2017-01-03
68,105.6,2017-01-03
54,72.43,2017-01-03
109,65.51,2017-01-03
2,78.88,2017-01-03
107,60.96,2017-01-03
40,249.58,2017-01-03
36,277.35,2017-01-03
105,52.05,2017-01-03
70,93.67,2017-01-03
33,205.11,2017-01-03
82,55.24,2017-01-03
120,626.05,2017-01-03
44,281.94,2017-01-03
125,484.51,2017-01-03
32,150.66,2017-01-03
123,499.22,2017-01-03
108,79.78,2017-01-03
48,379.09,2017-01-03
13,74.0,2017-01-03
62,64.78,2017-01-03
31,198.3,2017-01-03
74,95.65,2017-01-03
52,72.45,2017-01-03
121,590.93,2017-02-07
68,105.72,2017-02-07
32,149.84,2017-02-07
112,55.85,2017-02-07
120,653.93,2017-02-07
77,42.38,2017-02-07
36,290.72,2017-02-07
24,100.73,2017-02-07
54,68.85,2017-02-07
55,114.02,2017-02-07
90,172.9,2017-02-07
75,99.52,2017-02-07
87,169.69,2017-02-07
2,75.53,2017-02-07
67,132.89,2017-02-07
79,56.72,2017-02-07
122,360.41,2017-02-07
116,465.62,2017-02-07
13,75.02,2017-02-07
85,103.13,2017-02-07
105,52.9,2017-02-07
14,81.76,2017-02-07
5,58.59,2017-02-07
47,460.24,2017-02-07
4,55.88,2017-02-07
78,71.66,2017-02-07
84,87.67,2017-02-07
98,138.85,2017-02-07
117,450.66,2017-02-07
59,73.6,2017-02-07
44,288.45,2017-02-07
1,61.61,2017-02-07
6,68.79,2017-02-07
51,90.73,2017-02-07
106,74.2,2017-02-07
96,91.84,2017-02-07
33,213.76,2017-02-07
11,94.21,2017-02-07
25,128.76,2017-02-07
88,159.08,2017-02-07
92,106.49,2017-02-07
26,250.63,2017-02-07
102,199.45,2017-02-07
40,256.56,2017-02-07
53,96.56,2017-02-07
19,101.55,2017-02-07
91,76.89,2017-02-07
56,141.81,2017-02-07
123,493.83,2017-02-07
41,321.89,2017-02-07
28,173.48,2017-02-07
118,467.84,2017-02-07
93,108.18,2017-02-07
37,279.85,2017-02-07
100,117.34,2017-02-07
86,70.04,2017-02-07
63,106.46,2017-02-07
89,142.18,2017-02-07
95,103.65,2017-02-07
81,48.42,2017-02-07
107,64.31,2017-02-07
113,55.26,2017-02-07
45,312.17,2017-02-07
46,465.93,2017-02-07
43,305.65,2017-02-07
71,64.64,2017-02-07
82,55.91,2017-03-07
71,61.45,2017-03-07
76,75.83,2017-03-07
53,96.05,2017-03-07
17,128.27,2017-03-07
56,135.24,2017-03-07
126,347.67,2017-03-07
22,100.97,2017-03-07
63,105.31,2017-03-07
11,99.32,2017-03-07
54,68.93,2017-03-07
124,397.56,2017-03-07
77,43.36,2017-03-07
72,106.98,2017-03-07
64,110.12,2017-03-07
16,121.12,2017-03-07
69,79.67,2017-03-07
85,103.17,2017-03-07
95,102.28,2017-03-07
47,440.79,2017-03-07
102,209.82,2017-03-07
61,109.43,2017-03-07
27,243.56,2017-03-07
111,55.95,2017-03-07
6,68.94,2017-03-07
40,255.24,2017-03-07
120,680.15,2017-03-07
98,142.55,2017-03-07
121,583.9,2017-03-07
19,103.64,2017-03-07
125,468.12,2017-03-07
113,54.38,2017-03-07
34,239.93,2017-03-07
3,79.09,2017-03-07
114,349.6,2017-03-07
88,160.64,2017-03-07
84,85.75,2017-03-07
122,356.8,2017-03-07
1,58.95,2017-03-07
18,110.28,2017-03-07
103,81.75,2017-03-07
39,285.12,2017-03-07
59,70.82,2017-03-07
9,112.42,2017-03-07
97,147.09,2017-03-07
48,373.55,2017-03-07
60,92.68,2017-03-07
73,88.76,2017-03-07
74,94.82,2017-03-07
106,78.06,2017-03-07
52,76.27,2017-03-07
79,59.01,2017-03-07
75,99.18,2017-03-07
49,372.83,2017-03-07
116,447.04,2017-03-07
31,207.12,2017-03-07
78,74.92,2017-03-07
45,313.5,2017-03-07
121,593.43,2017-04-04
102,221.98,2017-04-04
92,109.71,2017-04-04
12,74.86,2017-04-04
87,163.32,2017-04-04
17,128.87,2017-04-04
34,237.13,2017-04-04
96,90.86,2017-04-04
76,76.71,2017-04-04
57,105.46,2017-04-04
106,75.46,2017-04-04
98,147.41,2017-04-04
105,54.24,2017-04-04
62,66.76,2017-04-04
4,58.79,2017-04-04
79,58.7,2017-04-04
73,90.19,2017-04-04
103,84.15,2017-04-04
25,130.88,2017-04-04
120,712.07,2017-04-04
58,132.48,2017-04-04
41,337.26,2017-04-04
118,454.34,2017-04-04
107,65.78,2017-04-04
77,42.6,2017-04-04
75,95.96,2017-04-04
42,336.54,2017-04-04
19,107.86,2017-04-04
27,235.17,2017-04-04
32,146.59,2017-04-04
126,368.23,2017-04-04
21,107.96,2017-04-04
70,99.1,2017-04-04
95,103.36,2017-04-04
52,75.82,2017-04-04
114,338.61,2017-04-04
20,132.39,2017-04-04
85,108.62,2017-04-04
101,126.16,2017-04-04
46,455.67,2017-04-04
111,58.52,2017-04-04
15,97.96,2017-04-04
55,111.82,2017-04-04
91,75.35,2017-04-04
2,72.82,2017-04-04
82,54.16,2017-04-04
90,170.12,2017-04-04
5,60.61,2017-04-04
89,137.28,2017-04-04
65,71.85,2017-04-04
113,54.38,2017-04-04
50,86.43,2017-04-04
69,78.22,2017-04-04
112,54.88,2017-04-04
38,305.31,2017-04-04
48,389.09,2017-04-04
80,94.87,2017-04-04
40,246.82,2017-04-04
54,70.59,2017-04-04
115,492.1,2017-04-04
124,399.86,2017-04-04
112,53.03,2017-05-02
4,59.97,2017-05-02
3,82.82,2017-05-02
121,582.59,2017-05-02
16,123.74,2017-05-02
19,103.7,2017-05-02
116,466.51,2017-05-02
14,85.19,2017-05-02
106,73.87,2017-05-02
49,382.65,2017-05-02
29,243.04,2017-05-02
66,142.99,2017-05-02
94,96.16,2017-05-02
55,107.99,2017-05-02
39,281.83,2017-05-02
24,95.79,2017-05-02
71,59.49,2017-05-02
8,121.08,2017-05-02
78,77.32,2017-05-02
77,44.52,2017-05-02
62,64.63,2017-05-02
82,55.13,2017-05-02
125,446.43,2017-05-02
48,388.87,2017-05-02
20,134.9,2017-05-02
6,71.52,2017-05-02
118,471.37,2017-05-02
67,129.58,2017-05-02
72,103.99,2017-05-02
25,130.18,2017-05-02
91,73.37,2017-05-02
23,139.54,2017-05-02
47,461.61,2017-05-02
123,522.07,2017-05-02
17,126.41,2017-05-02
70,96.83,2017-05-02
36,280.55,2017-05-02
96,95.63,2017-05-02
40,253.72,2017-05-02
61,104.01,2017-05-02
52,78.68,2017-05-02
5,62.76,2017-05-02
109,65.26,2017-05-02
51,91.89,2017-05-02
57,109.81,2017-05-02
83,64.3,2017-05-02
2,73.99,2017-05-02
105,54.55,2017-05-02
60,91.0,2017-05-02
126,363.25,2017-05-02
89,137.74,2017-05-02
27,245.67,2017-05-02
26,261.73,2017-05-02
32,154.47,2017-05-02
80,99.02,2017-05-02
111,57.95,2017-05-02
75,100.3,2017-05-02
10,86.65,2017-05-02
44,292.68,2017-05-02
101,132.79,2017-05-02
79,59.97,2017-05-02
21,103.31,2017-05-02
12,77.29,2017-05-02
58,138.04,2017-05-02
59,70.69,2017-05-02
42,336.44,2017-05-02
107,66.35,2017-05-02
86,68.6,2017-05-02
31,216.36,2017-05-02
120,740.46,2017-05-02
110,56.13,2017-05-02
